0.0,0.0,0.507355,0.0,0.525813,0.008108,0.0,0.0,0.0,0.0,0.0,0.804744,0.0,0.237533,0.585844,0.0,0.0,0.0,0.37983,0.834679,0.0,0.0,0.0,1.0,0.0,0.0
0.62416,0.0,0.795197,0.0,0.0,0.0,0.0,0.826481,0.0,0.0,0.114287,0.0,0.0,0.0,0.047351,0.41665,0.0,0.074542,0.854202,0.0,0.0,0.0,1.0,0.0,0.0,0.0
0.044408,0.0,0.0,0.0,0.192164,0.56861,0.0,0.0,0.0,0.0,0.0,0.0,0.0,0.992081,0.845425,0.0,0.0,0.823373,0.55604,0.491003,0.0,0.0,0.0,1.0,0.0,0.0
0.281663,0.366319,0.0,0.0,0.984713,0.0,0.0,0.0,0.0,0.0,0.0,0.157136,0.205196,0.776517,0.0,0.835613,0.988897,0.517883,0.459223,0.411538,0.0,0.0,0.0,1.0,0.0,0.0
0.636257,0.0,0.522095,0.0,0.806491,0.976245,0.91517,0.615603,0.113333,0.0,0.0,0.0,0.0,0.055975,0.0,0.883435,0.0,0.0,0.904202,0.0,0.0,0.0,0.0,0.0,1.0,0.0
0.0,0.283558,0.455805,0.349765,0.0,0.431156,0.0,0.0,0.0,0.0,0.293794,0.0,0.0,0.0,0.0,0.0,0.015054,0.715159,0.85903,0.0,0.0,0.0,0.0,1.0,0.0,0.0
0.905801,0.508043,0.259035,0.504796,0.0,0.0,0.0,0.0,0.0,0.724636,0.339558,0.0,0.145247,0.047733,0.170646,0.0,0.689017,0.0,0.0,0.0,0.0,0.0,1.0,0.0,0.0,0.0
0.0,0.0,0.0,0.925587,0.0,0.0,0.303637,0.0,0.0,0.621549,0.0,0.0,0.254202,0.348085,0.0,0.0,0.0,0.08461,0.0,0.0,1.0,0.0,0.0,0.0,0.0,0.0
0.0,0.235712,0.037462,0.220973,0.0,0.0,0.935073,0.0,0.092855,0.356066,0.0,0.0,0.0,0.236777,0.69949,0.119405,0.0,0.402784,0.552438,0.166806,0.0,0.0,1.0,0.0,0.0,0.0
0.0466,0.0,0.639876,0.682539,0.0,0.0,0.086519,0.0,0.0,0.96341,0.638494,0.201677,0.92191,0.0,0.0,0.0,0.0,0.0,0.0,0.258752,0.0,0.0,1.0,0.0,0.0,0.0
0.0,0.0,0.39955,0.0,0.75403,0.0,0.0,0.0,0.0,0.0,0.0,0.0,0.677088,0.0,0.0,0.0,0.929922,0.0,0.619173,0.770763,0.0,0.0,0.0,1.0,0.0,0.0
0.0,0.0,0.0,0.568878,0.0,0.977756,0.0,0.0,0.022401,0.0,0.460466,0.568735,0.0,0.0,0.0,0.0,0.0,0.0,0.0,0.0,0.0,0.0,0.0,0.0,0.0,1.0
0.0,0.0,0.993277,0.261683,0.80567,0.859296,0.0,0.684335,0.0,0.283033,0.174386,0.092741,0.0,0.0,0.0,0.0,0.0,0.276672,0.0,0.0,1.0,0.0,0.0,0.0,0.0,0.0
0.509059,0.501589,0.966553,0.415388,0.0,0.0,0.775704,0.0,0.99962,0.0,0.0,0.0,0.27798,0.576438,0.0,0.0,0.073524,0.0,0.0,0.415691,0.0,0.0,1.0,0.0,0.0,0.0
0.0,0.0,0.0,0.0,0.0,0.430979,0.254558,0.0,0.0,0.227777,0.21712,0.656643,0.0,0.050522,0.0,0.0,0.145302,0.257297,0.0,0.0,1.0,0.0,0.0,0.0,0.0,0.0
0.0,0.0,0.674395,0.520073,0.068669,0.0,0.393515,0.743787,0.0,0.010791,0.872754,0.58825,0.236068,0.0,0.0,0.656235,0.0,0.0,0.878645,0.0,1.0,0.0,0.0,0.0,0.0,0.0
0.0,0.564846,0.062774,0.426862,0.0,0.493304,0.819002,0.0,0.0,0.0,0.0,0.344327,0.0,0.0,0.0,0.0,0.0,0.0,0.0,0.0,0.0,0.0,0.0,0.0,0.0,1.0
0.0,0.305748,0.0,0.675628,0.30996,0.0,0.0,0.0,0.0,0.0,0.0,0.0,0.115225,0.0,0.0,0.09235,0.0,0.353508,0.812897,0.0,0.0,0.0,0.0,1.0,0.0,0.0
0.0,0.0,0.0,0.0,0.0,0.145052,0.654385,0.738128,0.034196,0.01142,0.0,0.661039,0.0,0.0,0.0,0.0,0.274235,0.447609,0.0,0.0,0.0,1.0,0.0,0.0,0.0,0.0
0.0,0.0,0.0,0.78354,0.0,0.550761,0.598957,0.0,0.421474,0.0,0.0,0.048504,0.680287,0.101733,0.0,0.259769,0.0,0.0,0.0,0.325882,1.0,0.0,0.0,0.0,0.0,0.0
0.0,0.0,0.44078,0.12499,0.0,0.0,0.0,0.025104,0.0,0.203324,0.0,0.0,0.0,0.0,0.032809,0.25611,0.299907,0.113345,0.0,0.0,0.0,0.0,0.0,0.0,1.0,0.0
0.295716,0.0,0.480897,0.535126,0.0,0.510749,0.928293,0.0,0.0,0.049401,0.45591,0.0,0.0,0.0,0.0,0.0,0.0,0.0,0.0,0.0,0.0,0.0,0.0,0.0,0.0,1.0
0.103576,0.968676,0.327697,0.0,0.244446,0.0,0.748902,0.0,0.901357,0.0,0.619188,0.0,0.0,0.0,0.0,0.0,0.0,0.0,0.0,0.0,0.0,0.0,0.0,0.0,0.0,1.0
0.923821,0.0,0.0,0.0,0.0,0.0,0.443891,0.631205,0.373117,0.0,0.0,0.150317,0.138959,0.741692,0.176642,0.0,0.0,0.0,0.650005,0.0,0.0,0.0,1.0,0.0,0.0,0.0
0.68574,0.003737,0.923826,0.125516,0.0,0.328254,0.508775,0.997274,0.418282,0.0,0.948405,0.919198,0.637435,0.0,0.0,0.0,0.0,0.0,0.0,0.0,0.0,0.0,0.0,0.0,0.0,1.0
0.831809,0.425727,0.0,0.0,0.0,0.0,0.759643,0.366314,0.0,0.994774,0.085899,0.34751,0.462347,0.931134,0.0,0.730379,0.0,0.0,0.0,0.0,0.0,1.0,0.0,0.0,0.0,0.0
0.0,0.0,0.0,0.0,0.0,0.0,0.0,0.093992,0.336252,0.0,0.0,0.323772,0.0,0.608421,0.0,0.972493,0.536139,0.0,0.349955,0.0,0.0,1.0,0.0,0.0,0.0,0.0
0.0,0.0,0.0,0.0,0.856222,0.0,0.0,0.0,0.0,0.0,0.0,0.477832,0.0,0.0,0.0,0.0,0.109258,0.912356,0.0,0.0,0.0,0.0,0.0,1.0,0.0,0.0
0.307994,0.437672,0.497641,0.0,0.0,0.377257,0.0,0.184989,0.490267,0.0,0.0,0.0,0.0,0.51921,0.0,0.119319,0.0,0.0,0.845798,0.474547,0.0,0.0,0.0,0.0,1.0,0.0
0.0,0.110486,0.563852,0.136817,0.0,0.634224,0.0,0.0,0.65346,0.98208,0.0,0.0,0.0,0.617984,0.0,0.0,0.0,0.0,0.0,0.779756,0.0,0.0,0.0,0.0,1.0,0.0
0.60879,0.268847,0.0,0.0,0.185272,0.0,0.295832,0.0,0.0,0.0,0.962754,0.989082,0.0,0.0,0.509709,0.0,0.0,0.23771,0.097608,0.12014,0.0,1.0,0.0,0.0,0.0,0.0
0.206836,0.0,0.0,0.0,0.0,0.0,0.0,0.0,0.0,0.0,0.839342,0.353607,0.971486,0.0,0.0,0.202558,0.491903,0.499441,0.0,0.0,0.0,0.0,0.0,1.0,0.0,0.0
0.765096,0.0,0.0,0.0,0.011064,0.0,0.0,0.721792,0.69656,0.0,0.74941,0.765303,0.0,0.0,0.0,0.0,0.0,0.0,0.0,0.0,0.0,0.0,0.0,0.0,0.0,1.0
0.437172,0.128188,0.0,0.0,0.0,0.0,0.127957,0.623166,0.395194,0.085987,0.0,0.987926,0.0,0.0,0.0,0.0,0.0,0.0,0.0,0.0,0.0,0.0,0.0,0.0,0.0,1.0
0.0,0.017144,0.0,0.0,0.0,0.546437,0.130833,0.0,0.0,0.756653,0.0,0.985001,0.968694,0.0,0.0,0.0,0.0,0.0,0.0,0.0,0.0,1.0,0.0,0.0,0.0,0.0
0.0,0.715355,0.0,0.0,0.0,0.0,0.0,0.584055,0.0,0.0,0.99967,0.078716,0.0,0.382029,0.615942,0.0,0.490824,0.619593,0.0,0.0,0.0,1.0,0.0,0.0,0.0,0.0
0.201168,0.0,0.0,0.466424,0.0,0.0,0.0,0.484385,0.0,0.0,0.0,0.0,0.0,0.0,0.0,0.0,0.0,0.0,0.0,0.535587,0.0,0.0,0.0,0.0,1.0,0.0
0.0,0.0,0.826889,0.0,0.0,0.0,0.0,0.0,0.0,0.0,0.0,0.0,0.0,0.458055,0.18329,0.0,0.0,0.0,0.931842,0.0,0.0,0.0,0.0,0.0,1.0,0.0
0.0,0.712375,0.300544,0.0,0.0,0.0,0.72258,0.0,0.0,0.0,0.0,0.0,0.0,0.0,0.0,0.0,0.886252,0.805933,0.0,0.0,0.0,0.0,1.0,0.0,0.0,0.0
0.264198,0.03791,0.77936,0.0,0.8681,0.0,0.0,0.0,0.0,0.0,0.639078,0.220038,0.0,0.021294,0.468974,0.0,0.338125,0.372822,0.016245,0.006987,0.0,0.0,0.0,1.0,0.0,0.0
0.0,0.115578,0.0,0.0,0.0,0.0,0.284414,0.0,0.022445,0.0,0.0,0.0,0.0,0.201056,0.0,0.0,0.0,0.0,0.0,0.532393,0.0,0.0,0.0,0.0,1.0,0.0
0.0,0.0,0.0,0.0,0.0,0.0,0.615261,0.0,0.0,0.012368,0.0,0.571081,0.0,0.0,0.0,0.0,0.0,0.0,0.0,0.0,0.0,0.0,0.0,0.0,0.0,1.0
0.0,0.0,0.929887,0.0,0.68053,0.0,0.0,0.0,0.0,0.76038,0.490139,0.792334,0.0,0.0,0.0,0.0,0.290808,0.561125,0.128259,0.0,1.0,0.0,0.0,0.0,0.0,0.0
0.0,0.436951,0.0,0.101249,0.773424,0.0,0.0,0.0,0.923497,0.291598,0.852365,0.0,0.0,0.0,0.0,0.0,0.0,0.0,0.0,0.0,0.0,0.0,0.0,0.0,0.0,1.0
0.0,0.0,0.0,0.628975,0.0,0.0,0.0,0.453936,0.0,0.613526,0.0,0.167371,0.0,0.0,0.46683,0.347687,0.0,0.569614,0.0,0.0,0.0,0.0,1.0,0.0,0.0,0.0
0.0,0.0,0.0,0.0,0.225181,0.0,0.0,0.0,0.0,0.0,0.305796,0.951085,0.653781,0.0,0.076594,0.786505,0.0,0.593542,0.958902,0.888919,0.0,0.0,0.0,1.0,0.0,0.0
0.0,0.0,0.0,0.893545,0.129686,0.0,0.714118,0.26927,0.0,0.037914,0.879931,0.4152,0.0,0.365384,0.168782,0.0,0.0,0.025852,0.478441,0.428914,1.0,0.0,0.0,0.0,0.0,0.0
0.55727,0.777411,0.0,0.469375,0.0,0.865098,0.0,0.781666,0.0,0.760878,0.0,0.0,0.0,0.0,0.0,0.0,0.575778,0.0,0.0,0.0,0.0,0.0,0.0,0.0,1.0,0.0
0.0,0.0,0.096627,0.0,0.0,0.0,0.905355,0.0,0.0,0.0,0.0,0.0,0.0,0.219825,0.0,0.0,0.0,0.0,0.716579,0.0,0.0,0.0,0.0,0.0,1.0,0.0
0.57788,0.148558,0.0,0.0,0.697207,0.768594,0.500605,0.842277,0.0,0.973842,0.0,0.324554,0.0,0.469732,0.704706,0.0,0.536316,0.0,0.955871,0.408219,0.0,1.0,0.0,0.0,0.0,0.0
0.0,0.0,0.0,0.0,0.738769,0.188196,0.0,0.0,0.0,0.0,0.0,0.0,0.0,0.222081,0.950462,0.0,0.936068,0.714753,0.223815,0.42109,0.0,0.0,0.0,1.0,0.0,0.0
0.864589,0.750733,0.0,0.719794,0.0,0.0,0.0,0.108046,0.6913,0.0,0.0,0.0,0.0,0.952348,0.245897,0.547768,0.0,0.42581,0.645965,0.0,0.0,0.0,0.0,0.0,1.0,0.0
0.0,0.612629,0.0,0.0,0.0,0.0,0.0,0.0,0.0,0.0,0.263343,0.0,0.0,0.592429,0.0,0.0,0.0,0.0,0.0,0.378724,0.0,1.0,0.0,0.0,0.0,0.0
0.0,0.207244,0.0,0.790393,0.723683,0.0,0.0,0.0,0.0,0.0,0.154243,0.162534,0.56537,0.0,0.0,0.0,0.57914,0.0,0.0,0.0,0.0,0.0,0.0,1.0,0.0,0.0
0.0,0.100369,0.69334,0.201542,0.0,0.175472,0.0,0.0,0.0,0.0,0.054906,0.0,0.258427,0.796334,0.0,0.796238,0.530282,0.0,0.076049,0.043269,0.0,0.0,0.0,1.0,0.0,0.0
0.0,0.130531,0.470724,0.299985,0.0,0.0,0.0,0.0,0.0,0.0,0.0,0.307789,0.0,0.0,0.0,0.0,0.0,0.0,0.0,0.0,0.0,0.0,0.0,0.0,0.0,1.0
0.0,0.0,0.0,0.74883,0.0,0.591763,0.49503,0.085021,0.222768,0.683498,0.0,0.210088,0.0,0.0,0.0,0.945101,0.5593,0.0,0.595785,0.0,1.0,0.0,0.0,0.0,0.0,0.0
0.0,0.0,0.506533,0.0,0.0,0.454304,0.0,0.633271,0.0,0.096355,0.0,0.442228,0.0,0.566446,0.985936,0.0,0.0,0.0,0.013611,0.633814,1.0,0.0,0.0,0.0,0.0,0.0
0.0,0.0,0.0,0.0,0.0,0.129242,0.0,0.299779,0.183727,0.0,0.0,0.799509,0.0,0.0,0.0,0.780716,0.877586,0.0,0.0,0.0,0.0,1.0,0.0,0.0,0.0,0.0
0.220857,0.0,0.0,0.0,0.0,0.790309,0.0,0.0,0.0,0.0,0.0,0.0,0.0,0.242533,0.0,0.461909,0.67706,0.0,0.0,0.0,0.0,0.0,0.0,1.0,0.0,0.0
0.904281,0.047806,0.0,0.0,0.81633,0.0,0.0,0.0,0.0,0.0,0.270673,0.007397,0.738688,0.684091,0.0,0.436859,0.0,0.0,0.0,0.829365,0.0,1.0,0.0,0.0,0.0,0.0
0.0,0.007785,0.575536,0.0,0.523907,0.93402,0.243005,0.0,0.43854,0.0,0.0,0.0,0.0,0.0,0.0,0.0,0.312794,0.0,0.978862,0.0,0.0,0.0,0.0,0.0,1.0,0.0
0.535976,0.0,0.0,0.194531,0.0,0.0,0.0,0.267242,0.0,0.0,0.363667,0.338942,0.520774,0.0,0.6325,0.496814,0.173561,0.0,0.0,0.0,0.0,0.0,1.0,0.0,0.0,0.0
0.0,0.0,0.0,0.0,0.0,0.0,0.0,0.6362,0.0,0.0,0.807312,0.526677,0.0,0.527723,0.656734,0.002947,0.0,0.0,0.810814,0.0,0.0,1.0,0.0,0.0,0.0,0.0
0.13325,0.938585,0.0,0.071202,0.0,0.0,0.521002,0.472609,0.559302,0.0,0.0,0.0,0.0,0.0,0.118006,0.953276,0.0,0.153309,0.263497,0.0,0.0,0.0,1.0,0.0,0.0,0.0
0.0,0.0,0.0,0.0,0.0,0.0,0.0,0.054567,0.0,0.0,0.637353,0.950031,0.677271,0.109903,0.634467,0.600297,0.33795,0.065623,0.511548,0.0,1.0,0.0,0.0,0.0,0.0,0.0
0.0,0.817108,0.0,0.0,0.56365,0.0,0.0,0.539307,0.0,0.829633,0.632903,0.952281,0.0,0.0,0.0,0.0,0.0,0.0,0.0,0.0,0.0,0.0,0.0,0.0,0.0,1.0
0.0,0.0,0.0,0.552257,0.228181,0.475163,0.319504,0.0,0.742216,0.845808,0.735006,0.352584,0.824037,0.0,0.668461,0.602579,0.0,0.0,0.671765,0.602958,1.0,0.0,0.0,0.0,0.0,0.0
0.0,0.0,0.0,0.0,0.0,0.0,0.63693,0.0,0.0,0.403044,0.0,0.0,0.0,0.554995,0.456216,0.0,0.0,0.0,0.233088,0.403791,0.0,0.0,0.0,0.0,1.0,0.0
0.0,0.962404,0.0,0.0,0.778533,0.0,0.0,0.616447,0.207965,0.0,0.419239,0.0,0.365543,0.0,0.713322,0.506842,0.0,0.0,0.613141,0.239876,0.0,1.0,0.0,0.0,0.0,0.0
0.0,0.0,0.331795,0.0,0.477817,0.90045,0.212591,0.0,0.0,0.0,0.0,0.0,0.747059,0.0,0.689608,0.0,0.071433,0.0,0.078139,0.0,1.0,0.0,0.0,0.0,0.0,0.0
0.0,0.0,0.895513,0.630635,0.986733,0.137412,0.530768,0.42453,0.0,0.102356,0.472112,0.0,0.0,0.017817,0.944563,0.0,0.823756,0.529951,0.446182,0.0,1.0,0.0,0.0,0.0,0.0,0.0
0.0,0.356906,0.0,0.0,0.0,0.0,0.956737,0.0,0.0,0.186482,0.708798,0.0,0.0,0.0,0.0,0.0,0.0,0.0,0.0,0.0,0.0,0.0,0.0,0.0,0.0,1.0
0.20472,0.0,0.0,0.0,0.514598,0.54371,0.0,0.0,0.0,0.827698,0.0,0.0,0.140459,0.0,0.875128,0.0,0.0,0.26048,0.369219,0.0,0.0,1.0,0.0,0.0,0.0,0.0
0.647967,0.0,0.376272,0.0,0.29725,0.324094,0.0,0.820594,0.0,0.0,0.0,0.0,0.0,0.954284,0.714712,0.006921,0.0,0.0,0.0,0.0,0.0,0.0,0.0,0.0,1.0,0.0
0.0,0.0,0.40599,0.500544,0.432142,0.913472,0.0,0.0,0.0,0.0,0.470332,0.0,0.0,0.0,0.0,0.0,0.0,0.0,0.0,0.0,0.0,0.0,0.0,0.0,0.0,1.0
0.0,0.0,0.0,0.0,0.700484,0.145838,0.0,0.604189,0.0,0.0,0.245999,0.0,0.0,0.0,0.0,0.0,0.0,0.0,0.0,0.0,0.0,0.0,0.0,0.0,0.0,1.0
0.165105,0.285305,0.0,0.0,0.0,0.0,0.0,0.0,0.371892,0.0,0.533298,0.958293,0.0,0.104656,0.0,0.0,0.427133,0.0,0.93217,0.0,0.0,0.0,1.0,0.0,0.0,0.0
0.0,0.370514,0.0,0.0,0.536477,0.484618,0.016813,0.0,0.0,0.253076,0.327062,0.0,0.0,0.0,0.087079,0.877517,0.025733,0.333229,0.570615,0.0,0.0,1.0,0.0,0.0,0.0,0.0
0.0,0.0,0.0,0.0,0.602146,0.0,0.637052,0.0,0.0,0.145324,0.0,0.161307,0.565919,0.129927,0.362991,0.0,0.0,0.755872,0.0,0.690737,1.0,0.0,0.0,0.0,0.0,0.0
0.0,0.927136,0.0,0.0,0.825352,0.166975,0.044043,0.0,0.0,0.925972,0.393869,0.541849,0.649074,0.0,0.0,0.0,0.0,0.0,0.0,0.0,0.0,0.0,0.0,0.0,0.0,1.0
0.0,0.688785,0.0,0.0,0.0,0.0,0.252913,0.385666,0.0,0.945832,0.787891,0.0,0.741831,0.103213,0.0,0.0,0.312565,0.0,0.0,0.096275,0.0,0.0,1.0,0.0,0.0,0.0
0.581178,0.738419,0.0,0.761389,0.0,0.0,0.720458,0.0,0.0,0.0,0.0,0.0,0.0,0.424595,0.275052,0.0,0.652764,0.0,0.0,0.0,0.0,0.0,0.0,0.0,1.0,0.0
0.0,0.049124,0.0,0.0,0.0,0.0,0.0,0.166186,0.0,0.0,0.0,0.0,0.0,0.0,0.097575,0.651359,0.0,0.086672,0.0,0.0,0.0,0.0,1.0,0.0,0.0,0.0
0.0,0.687352,0.0,0.551206,0.329012,0.0,0.0,0.0,0.0,0.0,0.922467,0.0,0.74981,0.106111,0.614995,0.0,0.0,0.0,0.279766,0.0,0.0,0.0,0.0,1.0,0.0,0.0
0.0,0.0,0.0,0.0,0.287876,0.408865,0.702593,0.0,0.0,0.186044,0.0,0.0,0.0,0.659188,0.286755,0.0,0.437259,0.0,0.182539,0.0,0.0,0.0,0.0,0.0,1.0,0.0
0.836722,0.766644,0.0,0.311047,0.0,0.409836,0.0,0.0,0.0,0.0,0.032054,0.0,0.0,0.83062,0.718527,0.0,0.333926,0.477255,0.0,0.277799,0.0,0.0,0.0,1.0,0.0,0.0
0.0,0.871084,0.0,0.0,0.0,0.242032,0.664264,0.921262,0.787508,0.0,0.0,0.0,0.0,0.0,0.0,0.200655,0.229514,0.041119,0.0,0.0,0.0,0.0,0.0,0.0,1.0,0.0
0.0,0.0,0.0,0.101403,0.0,0.771812,0.0,0.0,0.401616,0.0,0.751308,0.0,0.425302,0.969318,0.0,0.0,0.691486,0.0,0.199559,0.108343,1.0,0.0,0.0,0.0,0.0,0.0
0.0,0.0,0.0,0.0,0.0,0.0,0.28684,0.0,0.0,0.0,0.499757,0.0,0.0,0.0,0.351846,0.0,0.0,0.0,0.809859,0.0,0.0,0.0,1.0,0.0,0.0,0.0
0.220242,0.0,0.208912,0.0,0.0,0.0,0.723432,0.0,0.0,0.0,0.0,0.0,0.0,0.0,0.0,0.983209,0.43263,0.0,0.511632,0.0,0.0,0.0,0.0,0.0,1.0,0.0
0.012357,0.551276,0.0,0.0,0.601444,0.0,0.596026,0.247175,0.587665,0.118731,0.343613,0.152588,0.306111,0.337809,0.0,0.350076,0.35767,0.0,0.01541,0.241132,0.0,1.0,0.0,0.0,0.0,0.0
0.0,0.0,0.04643,0.0,0.47739,0.207736,0.0,0.0,0.0,0.0,0.0,0.0,0.0,0.375835,0.716032,0.0,0.411859,0.908648,0.0,0.43322,0.0,0.0,0.0,1.0,0.0,0.0
0.0,0.523602,0.0,0.0,0.0,0.0,0.030407,0.0,0.526772,0.0,0.0,0.332113,0.0,0.0,0.151743,0.0,0.994475,0.0,0.0,0.28252,0.0,0.0,1.0,0.0,0.0,0.0
0.0,0.0,0.983115,0.676147,0.0,0.0,0.783184,0.152547,0.0,0.0,0.761918,0.63263,0.855988,0.149237,0.752306,0.149628,0.0,0.0,0.0,0.504989,1.0,0.0,0.0,0.0,0.0,0.0
0.0,0.725973,0.0,0.0,0.0,0.374145,0.857092,0.691436,0.0,0.965784,0.057782,0.242058,0.0,0.266857,0.318808,0.0,0.0,0.0,0.0,0.0,0.0,1.0,0.0,0.0,0.0,0.0
0.0,0.0,0.457945,0.0,0.534169,0.0,0.066582,0.774781,0.923984,0.0,0.580354,0.992972,0.0,0.0,0.0,0.0,0.0,0.218678,0.0,0.469282,1.0,0.0,0.0,0.0,0.0,0.0
0.0,0.215762,0.0,0.937806,0.152422,0.969251,0.0,0.893521,0.0,0.0,0.238874,0.0,0.0,0.0,0.0,0.0,0.0,0.0,0.0,0.0,0.0,0.0,0.0,0.0,0.0,1.0
0.0,0.0,0.0,0.0,0.265946,0.738631,0.0,0.0,0.32769,0.0,0.0,0.922596,0.0,0.247373,0.0,0.79926,0.85038,0.0,0.0,0.0,0.0,1.0,0.0,0.0,0.0,0.0
0.484887,0.0,0.11565,0.0,0.746794,0.461444,0.289387,0.971505,0.578096,0.225061,0.0,0.0,0.0,0.0,0.169004,0.0,0.0,0.0,0.504388,0.676116,0.0,0.0,0.0,0.0,1.0,0.0
0.721386,0.0,0.0,0.0,0.0,0.0,0.0,0.0,0.0,0.0,0.672149,0.0,0.0,0.933736,0.057814,0.368763,0.0,0.085827,0.560967,0.432158,0.0,0.0,0.0,1.0,0.0,0.0
0.0,0.0,0.0,0.0,0.0,0.0,0.0,0.0,0.0,0.909768,0.0,0.0,0.838179,0.0,0.0,0.0,0.0,0.0,0.0,0.0,0.0,0.0,0.0,0.0,0.0,1.0
0.0,0.0,0.0,0.483666,0.0,0.0,0.593061,0.0,0.0,0.441909,0.902589,0.0,0.798354,0.457798,0.507207,0.0,0.0,0.479017,0.0,0.517378,0.0,0.0,1.0,0.0,0.0,0.0
0.0,0.639048,0.867466,0.0,0.0,0.0,0.696675,0.927583,0.577686,0.0,0.638727,0.0,0.467874,0.0,0.633304,0.467287,0.0,0.75304,0.303687,0.868957,0.0,0.0,1.0,0.0,0.0,0.0
0.0,0.195428,0.0,0.0,0.0,0.522423,0.0,0.75378,0.167138,0.387166,0.243401,0.072176,0.0,0.278118,0.521684,0.0,0.109288,0.436555,0.701287,0.627501,0.0,1.0,0.0,0.0,0.0,0.0
0.0,0.168674,0.0,0.0,0.0,0.773892,0.94481,0.0,0.0,0.717641,0.25992,0.30506,0.0,0.0,0.182289,0.0,0.519019,0.3219,0.688491,0.0,0.0,1.0,0.0,0.0,0.0,0.0
0.046996,0.310826,0.00097,0.933981,0.291081,0.360088,0.0,0.0,0.0,0.0,0.0,0.020481,0.0,0.0,0.0,0.0,0.0,0.714347,0.0,0.524484,0.0,0.0,0.0,1.0,0.0,0.0
0.0,0.0,0.644575,0.0,0.011994,0.0,0.0,0.0,0.0,0.378565,0.0,0.115974,0.0,0.0,0.940781,0.0,0.124397,0.590485,0.0,0.09223,1.0,0.0,0.0,0.0,0.0,0.0
0.0,0.0,0.0,0.0,0.0,0.0,0.0,0.108659,0.0,0.0,0.593905,0.061389,0.0,0.050336,0.0,0.220071,0.897303,0.896811,0.26067,0.567118,0.0,0.0,1.0,0.0,0.0,0.0
0.874371,0.0,0.0,0.0,0.296317,0.284684,0.498263,0.932794,0.0,0.259413,0.796114,0.0,0.465001,0.0,0.0,0.0,0.0,0.0,0.0,0.0,0.0,0.0,0.0,0.0,0.0,1.0
0.873279,0.0,0.311022,0.0,0.0,0.0,0.757505,0.931905,0.0,0.0,0.0,0.0,0.0,0.636903,0.0,0.69061,0.0,0.0,0.0,0.399312,0.0,0.0,1.0,0.0,0.0,0.0
0.0,0.0,0.0,0.0,0.0,0.0,0.0,0.431961,0.0,0.0,0.922043,0.0,0.646398,0.0,0.047494,0.557731,0.856126,0.0,0.0,0.322476,0.0,1.0,0.0,0.0,0.0,0.0
0.859434,0.0,0.830625,0.0,0.938029,0.0,0.0,0.856817,0.080209,0.482691,0.0,0.0,0.0,0.0,0.57005,0.756731,0.585439,0.0,0.967224,0.288019,0.0,0.0,0.0,0.0,1.0,0.0
0.681283,0.544761,0.0,0.0,0.0,0.57127,0.0,0.0,0.0,0.014882,0.0,0.0,0.0,0.458829,0.068884,0.0,0.168541,0.0,0.0,0.0,0.0,0.0,0.0,0.0,1.0,0.0
0.0,0.146171,0.0,0.0,0.15955,0.0,0.0,0.0,0.0,0.0,0.0,0.111607,0.561792,0.0,0.545703,0.0,0.300689,0.982426,0.0,0.476045,0.0,1.0,0.0,0.0,0.0,0.0
0.0,0.0,0.0,0.663641,0.633547,0.0,0.0,0.0,0.353192,0.0,0.0,0.362781,0.0,0.0,0.0,0.0,0.0,0.0,0.0,0.0,0.0,0.0,0.0,0.0,0.0,1.0
0.0,0.0,0.651537,0.0,0.044534,0.0,0.299784,0.494019,0.0,0.0,0.121139,0.854265,0.0,0.0,0.745546,0.0,0.027324,0.998402,0.979361,0.217573,1.0,0.0,0.0,0.0,0.0,0.0
0.0,0.0,0.0,0.0,0.778065,0.0,0.749594,0.0,0.0,0.213277,0.564676,0.0,0.0,0.0,0.074254,0.966822,0.385619,0.0,0.693772,0.0,0.0,1.0,0.0,0.0,0.0,0.0
0.335573,0.0,0.960703,0.52388,0.0,0.0,0.846542,0.0,0.607571,0.939383,0.58594,0.0,0.0,0.887211,0.0,0.0,0.0,0.0,0.0,0.338256,0.0,0.0,1.0,0.0,0.0,0.0
0.0,0.49788,0.0,0.0,0.0,0.718553,0.778789,0.259798,0.839487,0.0,0.0,0.0,0.0,0.376273,0.0,0.41972,0.0,0.0,0.0,0.958962,0.0,0.0,0.0,0.0,1.0,0.0
0.793793,0.004989,0.0,0.0,0.0,0.0,0.0,0.0,0.0,0.811644,0.0,0.551803,0.552141,0.0,0.854207,0.0,0.0,0.919676,0.869822,0.367551,0.0,0.0,1.0,0.0,0.0,0.0
0.513932,0.0,0.0,0.0,0.758842,0.0,0.0,0.42457,0.0,0.009309,0.642531,0.609199,0.227048,0.180549,0.862632,0.685329,0.0,0.23432,0.536379,0.0,0.0,1.0,0.0,0.0,0.0,0.0
0.434627,0.890026,0.218451,0.286719,0.0,0.0,0.0,0.0,0.0,0.0,0.664671,0.0,0.214331,0.0,0.0,0.894847,0.0,0.860074,0.913549,0.0,0.0,0.0,0.0,1.0,0.0,0.0
0.0,0.894825,0.0,0.864547,0.0,0.465877,0.0,0.0,0.0,0.0,0.89057,0.576798,0.733769,0.0,0.0,0.0,0.0,0.0,0.0,0.0,0.0,0.0,0.0,0.0,0.0,1.0
0.0,0.247737,0.112565,0.0,0.173484,0.874783,0.0,0.513849,0.0,0.298182,0.666606,0.286066,0.855055,0.0,0.0,0.0,0.0,0.0,0.0,0.0,0.0,0.0,0.0,0.0,0.0,1.0
0.0,0.941058,0.0,0.0,0.490014,0.773284,0.470422,0.0,0.0,0.050716,0.374832,0.0,0.0,0.0,0.749248,0.925166,0.98173,0.754091,0.0,0.204826,0.0,1.0,0.0,0.0,0.0,0.0
0.0,0.403369,0.288572,0.23408,0.0,0.133849,0.327925,0.346758,0.033281,0.0,0.430291,0.0,0.733754,0.0,0.0,0.0,0.0,0.0,0.0,0.0,0.0,0.0,0.0,0.0,0.0,1.0
0.0,0.0,0.0,0.0,0.36323,0.0,0.0,0.0,0.007093,0.0,0.150892,0.0,0.0,0.231628,0.818085,0.0,0.0,0.096935,0.273059,0.708934,0.0,1.0,0.0,0.0,0.0,0.0
0.0,0.0,0.0,0.0,0.0,0.0,0.092354,0.823863,0.0,0.827849,0.0,0.0,0.0,0.001542,0.0,0.0,0.0,0.0,0.0,0.424637,0.0,0.0,0.0,0.0,1.0,0.0
0.0,0.0,0.0,0.623511,0.0,0.0,0.289443,0.700655,0.844191,0.294917,0.0,0.0,0.902055,0.757428,0.0,0.0,0.060051,0.0,0.536874,0.0,0.0,0.0,1.0,0.0,0.0,0.0
0.632484,0.0,0.480674,0.0,0.718718,0.0,0.0,0.901433,0.064753,0.777357,0.693125,0.0,0.364721,0.0,0.0,0.0,0.0,0.0,0.0,0.0,0.0,0.0,0.0,0.0,0.0,1.0
0.199744,0.847091,0.801059,0.0,0.0,0.0,0.709578,0.196052,0.0,0.277264,0.07504,0.0,0.0,0.335634,0.113475,0.503047,0.0,0.721951,0.315435,0.829827,0.0,0.0,1.0,0.0,0.0,0.0
0.232072,0.0,0.0,0.0,0.0,0.0,0.091149,0.0,0.83022,0.0,0.174194,0.62858,0.595199,0.962588,0.0,0.779853,0.993349,0.589285,0.210286,0.228265,0.0,0.0,1.0,0.0,0.0,0.0
0.0,0.371236,0.0,0.793154,0.334864,0.000547,0.133891,0.0,0.291944,0.0,0.0,0.0,0.0,0.151631,0.0,0.0,0.402241,0.0,0.0,0.219804,0.0,0.0,0.0,0.0,1.0,0.0
0.0,0.0,0.0,0.0,0.906017,0.813695,0.0,0.0,0.0,0.0,0.749908,0.932602,0.0,0.816596,0.0,0.642955,0.206634,0.427029,0.264701,0.0,0.0,0.0,0.0,1.0,0.0,0.0
0.353313,0.0,0.284535,0.156723,0.0,0.0,0.0,0.439847,0.627839,0.0,0.558543,0.721804,0.242737,0.415715,0.022736,0.0,0.828174,0.694975,0.647559,0.0,0.0,0.0,1.0,0.0,0.0,0.0
0.0,0.899891,0.867619,0.10933,0.560274,0.037971,0.0,0.0,0.0,0.0,0.0,0.0,0.0,0.062138,0.0,0.686984,0.506827,0.0,0.0,0.0,0.0,0.0,0.0,1.0,0.0,0.0
0.0,0.0,0.0,0.0,0.84806,0.050845,0.0,0.0,0.0,0.796535,0.0,0.0,0.819992,0.310564,0.0,0.0,0.542629,0.0,0.0,0.0,0.0,1.0,0.0,0.0,0.0,0.0
0.140636,0.0,0.0,0.0,0.737021,0.0,0.0,0.666448,0.0,0.0,0.586614,0.709289,0.0,0.0,0.0,0.0,0.0,0.0,0.0,0.0,0.0,0.0,0.0,0.0,0.0,1.0
0.0,0.90541,0.266669,0.419395,0.102903,0.634996,0.0,0.0,0.0,0.0,0.116136,0.0,0.0,0.0,0.0,0.0,0.0,0.0,0.276662,0.0,0.0,0.0,0.0,1.0,0.0,0.0
0.0,0.988922,0.577174,0.0,0.845985,0.0,0.78404,0.591019,0.136498,0.933977,0.0,0.294736,0.386389,0.0,0.0,0.0,0.0,0.0,0.0,0.0,0.0,0.0,0.0,0.0,0.0,1.0
0.825183,0.304214,0.0,0.0,0.278288,0.332196,0.0,0.146831,0.0,0.0,0.0,0.555146,0.383195,0.629591,0.407162,0.440593,0.0,0.649296,0.741345,0.781623,0.0,1.0,0.0,0.0,0.0,0.0
0.0,0.0,0.938318,0.779692,0.796888,0.474293,0.0,0.0,0.0,0.0,0.801642,0.646539,0.0,0.732283,0.110648,0.0,0.0,0.237568,0.59368,0.631726,0.0,0.0,0.0,1.0,0.0,0.0
0.0,0.0,0.976926,0.47024,0.989279,0.963639,0.0,0.455308,0.885694,0.15816,0.460726,0.0,0.3149,0.184697,0.0,0.0,0.335141,0.126694,0.116704,0.0,1.0,0.0,0.0,0.0,0.0,0.0
0.170215,0.864903,0.0,0.0,0.821847,0.611962,0.352546,0.0,0.0,0.0,0.0,0.03573,0.391651,0.0,0.0,0.0,0.0,0.0,0.0,0.0,0.0,0.0,0.0,0.0,0.0,1.0
0.0,0.0,0.0,0.0,0.0,0.802798,0.0,0.0,0.0,0.184198,0.0,0.0,0.0,0.753374,0.0,0.970571,0.545288,0.0,0.527797,0.440044,0.0,0.0,0.0,0.0,1.0,0.0
0.0,0.0,0.139911,0.635901,0.0,0.766818,0.225037,0.0,0.627018,0.354624,0.186212,0.0,0.780528,0.0,0.0,0.0,0.0,0.054385,0.776337,0.0,1.0,0.0,0.0,0.0,0.0,0.0
0.0,0.0,0.0,0.0,0.416484,0.0,0.0,0.0,0.0,0.130509,0.951403,0.0,0.0,0.883148,0.0,0.844622,0.691258,0.0,0.187341,0.658,1.0,0.0,0.0,0.0,0.0,0.0
0.874114,0.0,0.350907,0.0,0.043657,0.331294,0.0,0.344845,0.0,0.449511,0.0,0.849002,0.0,0.0,0.0,0.0,0.0,0.0,0.0,0.0,0.0,0.0,0.0,0.0,0.0,1.0
0.0,0.0,0.0,0.0,0.048974,0.586918,0.791663,0.215909,0.0,0.702096,0.891778,0.0,0.831413,0.0,0.0,0.0,0.0,0.210165,0.0,0.0,0.0,1.0,0.0,0.0,0.0,0.0
0.19702,0.270515,0.854933,0.773037,0.0,0.941145,0.0,0.0,0.0,0.0,0.056496,0.0,0.434184,0.158698,0.0,0.793913,0.403649,0.0,0.0,0.022939,0.0,0.0,0.0,1.0,0.0,0.0
0.0,0.633965,0.0,0.0,0.825379,0.0,0.0,0.0,0.0,0.0,0.0,0.277372,0.722039,0.643288,0.09605,0.591206,0.0,0.0,0.0,0.068729,0.0,0.0,0.0,1.0,0.0,0.0
0.0,0.0,0.0,0.0,0.951227,0.0,0.0,0.0,0.0,0.0,0.0,0.713515,0.0,0.0,0.333732,0.570536,0.0,0.900581,0.0,0.837861,0.0,0.0,0.0,1.0,0.0,0.0
0.0,0.0,0.0,0.0,0.0,0.613506,0.0,0.682565,0.869638,0.724815,0.0,0.0,0.0,0.400975,0.27856,0.286076,0.598189,0.35601,0.0,0.35955,0.0,1.0,0.0,0.0,0.0,0.0
0.0,0.921468,0.0,0.0,0.0,0.0,0.705843,0.0,0.660545,0.455882,0.0,0.505968,0.0,0.573029,0.0,0.265652,0.744024,0.0,0.691785,0.428296,0.0,1.0,0.0,0.0,0.0,0.0
0.385288,0.615189,0.0,0.185357,0.0,0.605789,0.0,0.263615,0.832772,0.094043,0.0,0.0,0.0,0.0,0.908035,0.0,0.87833,0.0,0.75598,0.0,0.0,0.0,0.0,0.0,1.0,0.0
0.0,0.0,0.0,0.0,0.0,0.347464,0.0,0.0,0.753513,0.0,0.5904,0.0,0.980417,0.561285,0.0,0.0,0.0,0.0,0.0,0.0,1.0,0.0,0.0,0.0,0.0,0.0
0.0,0.0,0.999239,0.809763,0.064098,0.0,0.448339,0.0,0.0,0.0,0.0,0.0,0.0,0.0,0.0,0.0,0.0,0.0,0.332339,0.382312,1.0,0.0,0.0,0.0,0.0,0.0
0.0,0.0,0.405144,0.070414,0.988535,0.394949,0.325256,0.0,0.0,0.039004,0.0,0.0,0.778507,0.627958,0.934491,0.0,0.31187,0.364404,0.0,0.0,1.0,0.0,0.0,0.0,0.0,0.0
0.737781,0.0,0.0,0.0,0.0,0.0,0.0,0.205381,0.0,0.188191,0.30214,0.119022,0.111521,0.14925,0.814125,0.304374,0.158683,0.356559,0.646297,0.186619,0.0,0.0,1.0,0.0,0.0,0.0
0.0,0.767899,0.0,0.0,0.0,0.469241,0.0,0.0,0.993537,0.0,0.623427,0.0,0.911056,0.0,0.103131,0.571338,0.896997,0.0,0.57363,0.0,0.0,1.0,0.0,0.0,0.0,0.0
0.0,0.0,0.0,0.0,0.0,0.433667,0.136583,0.340796,0.0,0.784994,0.159847,0.0,0.0,0.271445,0.0,0.406706,0.741443,0.0,0.134795,0.735375,1.0,0.0,0.0,0.0,0.0,0.0
0.0,0.0,0.397423,0.0,0.0,0.0,0.0,0.057123,0.407952,0.734452,0.495865,0.787799,0.615358,0.0,0.835669,0.0,0.0,0.706885,0.638388,0.113722,1.0,0.0,0.0,0.0,0.0,0.0
0.0,0.0,0.341685,0.505859,0.0,0.0,0.0,0.324341,0.0,0.586923,0.0,0.0,0.372285,0.0,0.0,0.186493,0.129512,0.0,0.292355,0.0,1.0,0.0,0.0,0.0,0.0,0.0
0.0,0.413386,0.940003,0.423072,0.0,0.0,0.0,0.0,0.0,0.0,0.387831,0.886809,0.384411,0.0,0.0,0.0,0.0,0.312498,0.285062,0.0,0.0,0.0,1.0,0.0,0.0,0.0
0.0,0.0,0.725212,0.0,0.025548,0.0,0.0,0.0,0.0,0.0,0.0,0.0,0.413031,0.811692,0.0,0.650163,0.0,0.713089,0.0,0.0,0.0,0.0,0.0,1.0,0.0,0.0
0.0,0.436153,0.298175,0.0,0.0,0.514027,0.0,0.0,0.0,0.0,0.0,0.605459,0.0,0.0,0.0,0.72538,0.223094,0.0,0.0,0.0,0.0,0.0,0.0,1.0,0.0,0.0
0.0,0.0,0.0,0.735682,0.0,0.0,0.54653,0.0,0.0,0.0,0.834002,0.594318,0.830977,0.0,0.0,0.0,0.0,0.691271,0.620391,0.798374,1.0,0.0,0.0,0.0,0.0,0.0
0.724153,0.0,0.0,0.0,0.904804,0.0,0.0,0.0,0.0,0.0,0.0,0.398547,0.0,0.0,0.14536,0.0,0.0,0.0,0.166111,0.0,0.0,0.0,0.0,1.0,0.0,0.0
0.806684,0.7009,0.0,0.0,0.059588,0.0,0.0,0.0,0.0,0.862308,0.757748,0.837893,0.0,0.269653,0.317851,0.0,0.0,0.0,0.0,0.0,0.0,1.0,0.0,0.0,0.0,0.0
0.0,0.188634,0.408923,0.0,0.291905,0.0,0.191642,0.124297,0.255237,0.433574,0.0,0.0,0.0,0.149654,0.643939,0.0,0.0,0.0,0.006622,0.0,0.0,0.0,0.0,0.0,1.0,0.0
0.0,0.0,0.759492,0.0,0.740813,0.0,0.051886,0.434578,0.324386,0.19584,0.0,0.0,0.0,0.929536,0.503078,0.238595,0.0,0.0,0.295475,0.404174,1.0,0.0,0.0,0.0,0.0,0.0
0.002144,0.0,0.0,0.050326,0.0,0.0,0.922682,0.345014,0.0,0.223669,0.0,0.0,0.0,0.0,0.624188,0.0,0.702381,0.0,0.0,0.276647,0.0,0.0,0.0,0.0,1.0,0.0
0.0,0.0,0.0,0.053969,0.653133,0.273781,0.0,0.0,0.0,0.974017,0.0,0.0,0.0,0.0,0.502609,0.0,0.0,0.532383,0.995765,0.0,1.0,0.0,0.0,0.0,0.0,0.0
0.027888,0.0,0.0,0.871686,0.0,0.0,0.111484,0.0,0.485921,0.0,0.775871,0.689403,0.094251,0.665105,0.0,0.488265,0.0,0.718976,0.850065,0.687112,0.0,0.0,1.0,0.0,0.0,0.0
0.477104,0.0,0.0,0.929129,0.0,0.365184,0.0,0.0,0.0,0.0,0.488456,0.944105,0.235254,0.0,0.017781,0.181359,0.985054,0.0,0.368832,0.34189,0.0,0.0,0.0,1.0,0.0,0.0
0.062696,0.0,0.243026,0.88137,0.0,0.0,0.0,0.0,0.0,0.0,0.596494,0.946398,0.0,0.705287,0.0,0.0,0.799721,0.517028,0.88918,0.304186,0.0,0.0,1.0,0.0,0.0,0.0
0.0,0.0,0.939349,0.0,0.104923,0.387192,0.465211,0.320169,0.0,0.591342,0.0,0.0,0.0,0.0,0.520957,0.0,0.405792,0.14202,0.0,0.0,1.0,0.0,0.0,0.0,0.0,0.0
0.0,0.626968,0.988204,0.0,0.0,0.0,0.0,0.002119,0.0,0.0,0.890269,0.697859,0.0,0.641751,0.197025,0.0,0.889355,0.0,0.229356,0.396117,0.0,0.0,1.0,0.0,0.0,0.0
0.25341,0.501658,0.14771,0.031762,0.20878,0.0,0.0,0.0,0.0,0.536636,0.30405,0.583914,0.270235,0.0,0.0,0.0,0.0,0.0,0.0,0.0,0.0,0.0,0.0,0.0,0.0,1.0
0.326448,0.794291,0.0,0.0,0.469233,0.989076,0.0,0.0,0.0,0.820055,0.113841,0.390429,0.0,0.0,0.718181,0.462403,0.821312,0.278798,0.0,0.0,0.0,1.0,0.0,0.0,0.0,0.0
0.0,0.0,0.0,0.0,0.0,0.0,0.172201,0.0,0.159466,0.0,0.0,0.963499,0.024233,0.386808,0.150258,0.0,0.0,0.037013,0.0,0.0,1.0,0.0,0.0,0.0,0.0,0.0
0.0,0.0,0.399699,0.604905,0.0,0.0,0.0,0.131281,0.91606,0.0,0.499146,0.0,0.735594,0.225024,0.560898,0.0,0.0,0.0,0.091117,0.570125,0.0,0.0,1.0,0.0,0.0,0.0
0.625748,0.638364,0.0,0.478149,0.0,0.0,0.270505,0.606958,0.0,0.0,0.0,0.325946,0.037557,0.981465,0.0,0.539646,0.318656,0.069479,0.473069,0.0,0.0,0.0,1.0,0.0,0.0,0.0
0.0,0.0,0.0,0.0,0.668,0.386167,0.0,0.874348,0.372627,0.704257,0.985151,0.0,0.0,0.296401,0.560185,0.0,0.0,0.034183,0.0,0.082801,0.0,1.0,0.0,0.0,0.0,0.0
0.0,0.0,0.0,0.0,0.457603,0.0,0.0,0.224721,0.285278,0.566587,0.239531,0.0,0.573782,0.0,0.0,0.0,0.0,0.0,0.787216,0.0,1.0,0.0,0.0,0.0,0.0,0.0
0.089952,0.010318,0.0,0.991881,0.493543,0.417829,0.587394,0.090887,0.0,0.0,0.0,0.0,0.0,0.127733,0.0,0.967303,0.530638,0.0,0.437671,0.0,0.0,0.0,0.0,0.0,1.0,0.0
0.0,0.0,0.0,0.0,0.647904,0.783686,0.0,0.088876,0.0,0.850071,0.0,0.92897,0.0,0.0,0.0,0.588597,0.0,0.0,0.09095,0.944863,0.0,1.0,0.0,0.0,0.0,0.0
0.079013,0.0,0.099728,0.612409,0.0,0.0,0.0,0.277973,0.521369,0.0,0.201241,0.724795,0.138229,0.0,0.0,0.0,0.0,0.0,0.0,0.0,0.0,0.0,0.0,0.0,0.0,1.0
0.0,0.387169,0.0,0.011607,0.03427,0.169092,0.0,0.0,0.0,0.0,0.0,0.0,0.0,0.0,0.631908,0.966384,0.0,0.314731,0.0,0.0,0.0,0.0,0.0,1.0,0.0,0.0
0.0,0.0,0.746023,0.0,0.87366,0.572447,0.0,0.88471,0.0,0.998346,0.678073,0.0,0.0,0.0,0.0,0.0,0.0,0.0,0.0,0.0,0.0,0.0,0.0,0.0,0.0,1.0
0.138401,0.856418,0.597248,0.027639,0.104013,0.450247,0.256327,0.144789,0.0,0.0,0.0,0.0,0.0,0.556393,0.84046,0.860264,0.0,0.0,0.0,0.0,0.0,0.0,0.0,0.0,1.0,0.0
0.0,0.0,0.0,0.0,0.0,0.544138,0.667111,0.420965,0.0,0.33042,0.0,0.0,0.0,0.0,0.0,0.0,0.0,0.0,0.0,0.0,0.0,0.0,0.0,0.0,0.0,1.0
0.0,0.0,0.0,0.0,0.0,0.0,0.0,0.0,0.0,0.213037,0.0,0.0,0.0,0.0,0.0,0.0,0.0,0.0,0.0,0.0,0.0,1.0,0.0,0.0,0.0,0.0
0.0,0.0,0.0,0.975545,0.657953,0.0,0.89156,0.130128,0.524018,0.558905,0.249312,0.346573,0.181941,0.0,0.0,0.245052,0.751707,0.0,0.0,0.328761,1.0,0.0,0.0,0.0,0.0,0.0
0.0,0.0,0.0,0.435911,0.0,0.0,0.0,0.811474,0.026152,0.917356,0.888248,0.0,0.860659,0.923455,0.802709,0.116251,0.0,0.733135,0.886592,0.705251,0.0,0.0,1.0,0.0,0.0,0.0
0.0,0.645279,0.0,0.0,0.425165,0.407376,0.0,0.0,0.0,0.0,0.662964,0.0,0.203512,0.258258,0.703651,0.768446,0.0,0.0,0.025131,0.353068,0.0,0.0,0.0,1.0,0.0,0.0
0.0,0.0,0.476554,0.0,0.0,0.0,0.0,0.196386,0.14928,0.469058,0.0,0.0,0.0,0.0,0.866275,0.0,0.848938,0.993916,0.0,0.0,0.0,0.0,1.0,0.0,0.0,0.0
0.779441,0.0,0.754796,0.132536,0.0,0.0,0.642797,0.0,0.0,0.0,0.774275,0.451558,0.0,0.97792,0.005715,0.0,0.450735,0.378981,0.580054,0.857981,0.0,0.0,1.0,0.0,0.0,0.0
0.0,0.0,0.0,0.015485,0.0,0.0,0.0,0.671819,0.0,0.316622,0.0,0.365813,0.562255,0.0,0.0,0.866546,0.0,0.51629,0.446494,0.115046,1.0,0.0,0.0,0.0,0.0,0.0
0.0,0.0,0.113842,0.513264,0.0,0.0,0.0,0.841334,0.0,0.0,0.0,0.0,0.564547,0.0,0.255238,0.0,0.407826,0.0,0.0,0.966822,0.0,0.0,1.0,0.0,0.0,0.0
0.0,0.0,0.0,0.54047,0.104121,0.216848,0.386589,0.0,0.491355,0.0,0.0,0.851495,0.0,0.0,0.0,0.0,0.0,0.0,0.0,0.0,0.0,0.0,0.0,0.0,0.0,1.0
0.485417,0.033404,0.0,0.0,0.0,0.0,0.0,0.325128,0.567912,0.688284,0.580886,0.869077,0.39752,0.0,0.0,0.0,0.0,0.0,0.0,0.0,0.0,0.0,0.0,0.0,0.0,1.0
0.0,0.266244,0.0,0.0,0.0,0.05334,0.484808,0.0,0.0,0.0,0.0,0.10242,0.486185,0.0,0.0,0.0,0.0,0.0,0.0,0.0,0.0,0.0,0.0,0.0,0.0,1.0
0.0,0.0,0.0,0.159577,0.889641,0.214538,0.0,0.043217,0.0,0.0,0.183164,0.0,0.0,0.0,0.0,0.0,0.0,0.0,0.0,0.0,0.0,0.0,0.0,0.0,0.0,1.0
0.795194,0.597006,0.728784,0.0,0.0,0.0,0.0,0.0,0.0,0.0,0.0,0.0,0.905492,0.0,0.773098,0.016558,0.0,0.169546,0.0,0.828271,0.0,0.0,0.0,1.0,0.0,0.0
0.0,0.52029,0.0,0.695335,0.0,0.0,0.886046,0.077348,0.0,0.600558,0.0,0.0,0.0,0.459388,0.355998,0.489698,0.0,0.0,0.0,0.0,0.0,0.0,0.0,0.0,1.0,0.0
0.044634,0.663534,0.0,0.0,0.507113,0.751443,0.803252,0.0,0.969479,0.0,0.517192,0.64609,0.938306,0.0,0.162842,0.063723,0.0,0.212045,0.792165,0.023732,0.0,1.0,0.0,0.0,0.0,0.0
0.833481,0.0,0.0,0.777326,0.0,0.0,0.0,0.0,0.0,0.0,0.0,0.0,0.0,0.639491,0.0,0.0,0.0,0.0,0.083056,0.127671,0.0,0.0,0.0,1.0,0.0,0.0
0.0,0.0,0.0,0.0,0.0,0.0,0.0,0.463703,0.0,0.576086,0.0,0.36635,0.0,0.0,0.0,0.0,0.0,0.67466,0.0,0.0,0.0,0.0,1.0,0.0,0.0,0.0
0.0,0.410663,0.0,0.0,0.0,0.97134,0.0,0.247605,0.0,0.0,0.520292,0.0,0.527141,0.0,0.336956,0.0,0.0,0.241265,0.057441,0.576945,0.0,1.0,0.0,0.0,0.0,0.0
0.0,0.020261,0.0,0.0,0.970782,0.537238,0.350056,0.0,0.246738,0.578867,0.847347,0.0,0.45311,0.573171,0.785752,0.0,0.0,0.950331,0.709558,0.0,0.0,1.0,0.0,0.0,0.0,0.0
0.21653,0.0,0.44021,0.0,0.0,0.0,0.737275,0.0,0.656183,0.911488,0.0,0.0,0.0,0.0,0.0,0.0,0.0,0.0,0.0,0.0,0.0,0.0,0.0,0.0,0.0,1.0
0.0,0.0,0.0,0.465296,0.161748,0.0,0.866479,0.703349,0.956319,0.371505,0.511711,0.929252,0.242086,0.0,0.0,0.0,0.0,0.0,0.0,0.0,0.0,0.0,0.0,0.0,0.0,1.0
0.764527,0.0,0.0,0.0,0.0,0.0,0.0,0.0,0.0,0.0,0.0,0.0,0.970442,0.328316,0.0,0.27817,0.804104,0.289419,0.0,0.0,0.0,0.0,1.0,0.0,0.0,0.0
0.0,0.0,0.0,0.0,0.0,0.846579,0.849333,0.0,0.91474,0.0,0.0,0.0,0.0,0.0,0.0,0.0,0.84599,0.0,0.877692,0.623597,0.0,1.0,0.0,0.0,0.0,0.0
0.300003,0.0,0.0,0.163983,0.83852,0.0,0.948956,0.0,0.978352,0.27658,0.316734,0.477645,0.926995,0.0,0.0,0.0,0.0,0.0,0.0,0.0,0.0,0.0,0.0,0.0,0.0,1.0
0.742292,0.616228,0.0,0.0,0.0,0.0,0.0,0.0,0.0,0.995949,0.550588,0.037,0.145004,0.842235,0.0,0.0,0.316393,0.0,0.471565,0.372142,0.0,0.0,1.0,0.0,0.0,0.0
0.0,0.747581,0.0,0.745923,0.0,0.0,0.0,0.190065,0.0,0.0,0.428033,0.085156,0.724535,0.0,0.0,0.0,0.0,0.0,0.0,0.0,0.0,0.0,0.0,0.0,0.0,1.0
0.921863,0.539647,0.164489,0.183727,0.0,0.0,0.0,0.0,0.0,0.0,0.0,0.55498,0.808796,0.0,0.043631,0.322121,0.131634,0.904335,0.0,0.476022,0.0,0.0,0.0,1.0,0.0,0.0
0.0,0.0,0.0,0.585145,0.0,0.827263,0.0,0.0,0.0,0.0,0.499352,0.1111,0.0,0.226494,0.0,0.0,0.430939,0.930849,0.450824,0.0,1.0,0.0,0.0,0.0,0.0,0.0
0.280876,0.985626,0.0,0.0,0.808149,0.507076,0.0,0.998682,0.0,0.0,0.657193,0.43343,0.0,0.0,0.984544,0.0,0.0,0.363642,0.0,0.508659,0.0,1.0,0.0,0.0,0.0,0.0
0.0,0.0,0.0,0.0,0.029485,0.0,0.837928,0.713792,0.937897,0.0,0.0,0.0,0.681998,0.0,0.0,0.0,0.0,0.0,0.0,0.0,0.0,0.0,0.0,0.0,0.0,1.0
0.575429,0.0,0.136331,0.556072,0.113703,0.0,0.889278,0.0,0.0,0.167255,0.664345,0.0,0.388594,0.0,0.0,0.0,0.0,0.0,0.0,0.0,0.0,0.0,0.0,0.0,0.0,1.0
0.0,0.0,0.0,0.0,0.433034,0.0,0.0,0.0,0.63963,0.23101,0.0,0.0,0.506816,0.190697,0.0,0.940146,0.93015,0.0,0.0,0.268376,0.0,1.0,0.0,0.0,0.0,0.0
0.0,0.0,0.140209,0.0,0.0,0.0,0.907756,0.468832,0.18486,0.0,0.066706,0.0,0.0,0.661545,0.0,0.0,0.151351,0.0,0.240272,0.193212,1.0,0.0,0.0,0.0,0.0,0.0
0.0,0.0,0.0,0.0,0.855797,0.0,0.0,0.0,0.0,0.0,0.0,0.0,0.044166,0.644142,0.0,0.468741,0.0,0.0,0.0,0.0,0.0,0.0,0.0,1.0,0.0,0.0
0.486171,0.0,0.84013,0.0,0.217799,0.905421,0.0,0.0,0.0,0.0,0.0,0.351032,0.0,0.784699,0.97778,0.0,0.0,0.0,0.928747,0.486104,0.0,0.0,0.0,1.0,0.0,0.0
0.0,0.317649,0.0,0.0,0.964233,0.023309,0.0,0.721783,0.294319,0.384112,0.0,0.0,0.0,0.0,0.656846,0.162855,0.0,0.910153,0.0,0.0,0.0,1.0,0.0,0.0,0.0,0.0
0.0,0.0,0.0,0.0,0.0,0.0,0.0,0.331151,0.527627,0.625418,0.164908,0.039167,0.0,0.202691,0.0,0.19962,0.0,0.0,0.757205,0.0,0.0,0.0,1.0,0.0,0.0,0.0
0.0,0.937632,0.0,0.0,0.0,0.0,0.0,0.109325,0.0,0.666641,0.635379,0.345918,0.0,0.219216,0.453175,0.107044,0.592064,0.028463,0.0,0.980086,0.0,1.0,0.0,0.0,0.0,0.0
0.517499,0.067785,0.0,0.0,0.300536,0.0,0.0,0.0,0.0,0.0,0.0,0.341051,0.419184,0.899335,0.0,0.891979,0.592446,0.328846,0.01847,0.0,0.0,1.0,0.0,0.0,0.0,0.0
0.272989,0.088787,0.60118,0.0,0.0,0.0,0.0,0.0,0.241094,0.10543,0.373164,0.0,0.361476,0.0,0.693501,0.0,0.838916,0.0,0.0,0.0,0.0,0.0,1.0,0.0,0.0,0.0
0.052619,0.0,0.0,0.0,0.0,0.0,0.0,0.643117,0.0,0.85978,0.592089,0.0,0.0,0.397007,0.91866,0.0,0.0,0.0,0.418874,0.0,0.0,1.0,0.0,0.0,0.0,0.0
0.363565,0.0,0.0,0.440602,0.159399,0.0,0.0,0.0,0.0,0.0,0.0,0.217682,0.029261,0.0,0.0,0.053029,0.843776,0.793295,0.736868,0.653471,0.0,0.0,0.0,1.0,0.0,0.0
0.275519,0.0,0.0,0.836208,0.279348,0.0,0.953582,0.0,0.642217,0.056985,0.0,0.0,0.0,0.76967,0.103822,0.639723,0.0,0.911865,0.993969,0.799281,0.0,0.0,0.0,0.0,1.0,0.0
0.0,0.0,0.0,0.480594,0.242472,0.853027,0.0,0.0,0.0,0.0,0.0,0.0,0.0,0.0,0.474703,0.0,0.0,0.402618,0.0,0.14379,0.0,0.0,0.0,1.0,0.0,0.0
0.0,0.0,0.026726,0.499846,0.0,0.0,0.0,0.0,0.0,0.0,0.841978,0.988318,0.043171,0.270345,0.567468,0.0,0.0,0.0,0.19755,0.178436,1.0,0.0,0.0,0.0,0.0,0.0
0.0,0.0,0.0,0.244409,0.0,0.0,0.5091,0.479426,0.876031,0.0,0.0,0.0,0.0,0.382607,0.276739,0.0,0.0,0.055251,0.0,0.747818,0.0,0.0,0.0,0.0,1.0,0.0
0.741022,0.0,0.0,0.0,0.70849,0.964137,0.86513,0.721093,0.411462,0.44363,0.0,0.0,0.0,0.406946,0.950455,0.516062,0.0,0.0,0.0,0.0,0.0,0.0,0.0,0.0,1.0,0.0
0.518678,0.640747,0.78052,0.223455,0.0,0.0,0.0,0.0,0.0,0.0,0.0,0.708374,0.80438,0.346773,0.0,0.0,0.0,0.0,0.0,0.400288,0.0,0.0,0.0,1.0,0.0,0.0
0.075488,0.0,0.95971,0.392248,0.0,0.715313,0.973141,0.316317,0.072626,0.0,0.0,0.0,0.0,0.789265,0.0,0.0,0.0,0.317915,0.10006,0.318744,0.0,0.0,0.0,0.0,1.0,0.0
0.3158,0.359329,0.0,0.0,0.850445,0.822174,0.0,0.0,0.062876,0.110812,0.0,0.0,0.0,0.970159,0.611464,0.0,0.0,0.050113,0.0,0.453643,0.0,0.0,0.0,0.0,1.0,0.0
0.0,0.0,0.797206,0.0,0.278714,0.0,0.0,0.558641,0.0,0.0,0.642892,0.989152,0.0,0.0,0.0,0.0,0.0,0.0,0.0,0.0,0.0,0.0,0.0,0.0,0.0,1.0
0.608702,0.0,0.079219,0.492697,0.0,0.0,0.021278,0.450308,0.241449,0.0,0.0,0.0,0.870608,0.0,0.0,0.459136,0.484888,0.0,0.0,0.0,0.0,0.0,1.0,0.0,0.0,0.0
0.0,0.716684,0.663331,0.916931,0.463177,0.946741,0.214301,0.0,0.0,0.928363,0.654006,0.052697,0.710412,0.0,0.0,0.0,0.0,0.0,0.0,0.0,0.0,0.0,0.0,0.0,0.0,1.0
0.0,0.684031,0.345867,0.0,0.092043,0.729792,0.105051,0.145791,0.62375,0.209655,0.0,0.0,0.0,0.229241,0.230789,0.41348,0.54909,0.943311,0.016989,0.211996,0.0,0.0,0.0,0.0,1.0,0.0
0.0,0.886405,0.0,0.0,0.0,0.412026,0.186457,0.397902,0.136826,0.941805,0.503142,0.673059,0.761846,0.450753,0.802381,0.0,0.0,0.0,0.0,0.0,0.0,1.0,0.0,0.0,0.0,0.0
0.142619,0.130952,0.472753,0.0,0.368634,0.014827,0.0,0.0,0.0,0.0,0.0,0.541666,0.359085,0.0,0.0,0.170513,0.0,0.0,0.0,0.586738,0.0,0.0,0.0,1.0,0.0,0.0
0.0,0.0,0.091695,0.492585,0.072837,0.0,0.0,0.0,0.0,0.0,0.878093,0.0,0.410732,0.370498,0.285979,0.0,0.0,0.0,0.0,0.0,0.0,0.0,0.0,1.0,0.0,0.0
0.0,0.0,0.345941,0.0,0.0,0.866913,0.0,0.756155,0.97468,0.0,0.0,0.0,0.0,0.0,0.0,0.0,0.833777,0.0,0.364821,0.527963,0.0,0.0,0.0,0.0,1.0,0.0
0.0,0.0,0.49346,0.664269,0.834428,0.0,0.0,0.111924,0.479154,0.0,0.1739,0.0,0.552026,0.225315,0.0,0.052341,0.586141,0.0,0.094666,0.726315,1.0,0.0,0.0,0.0,0.0,0.0
0.0,0.910953,0.0,0.304856,0.909595,0.0,0.0,0.0,0.977401,0.0,0.0,0.0,0.0,0.452297,0.0,0.056254,0.284512,0.285518,0.040658,0.0,0.0,0.0,0.0,0.0,1.0,0.0
0.0,0.0,0.0,0.0,0.678558,0.0,0.28924,0.281671,0.475425,0.437388,0.0,0.87392,0.996286,0.0,0.0,0.081574,0.0,0.0,0.21366,0.02365,1.0,0.0,0.0,0.0,0.0,0.0
0.861056,0.665233,0.723489,0.0,0.983302,0.0,0.0,0.0,0.0,0.0,0.0,0.0,0.0,0.284457,0.0,0.0,0.0,0.0,0.0,0.0,0.0,0.0,0.0,0.0,1.0,0.0
0.0,0.76914,0.0,0.0,0.0,0.0,0.0,0.0,0.0,0.0,0.51593,0.0,0.527033,0.112122,0.0,0.482896,0.0,0.0,0.0,0.0,0.0,1.0,0.0,0.0,0.0,0.0
0.0,0.919803,0.0,0.927801,0.0,0.0,0.0,0.0,0.0,0.0,0.0,0.501798,0.0,0.37491,0.961057,0.074645,0.959547,0.486207,0.430543,0.162141,0.0,0.0,0.0,1.0,0.0,0.0
0.0,0.0,0.0,0.0,0.368901,0.582399,0.0,0.0,0.0,0.0,0.107159,0.0,0.020497,0.13028,0.0,0.167941,0.0,0.144277,0.0,0.0,0.0,0.0,0.0,1.0,0.0,0.0
0.0,0.0,0.848906,0.0,0.446181,0.0,0.848257,0.0,0.406998,0.514477,0.255867,0.810102,0.0,0.0,0.151658,0.0,0.0,0.046512,0.0,0.295494,1.0,0.0,0.0,0.0,0.0,0.0
0.0,0.0,0.0,0.462175,0.0486,0.410382,0.0,0.966114,0.67285,0.860312,0.0,0.579203,0.883744,0.0,0.033932,0.325708,0.848716,0.848433,0.398248,0.0,1.0,0.0,0.0,0.0,0.0,0.0
0.0,0.0,0.0,0.0,0.0,0.0,0.0,0.0,0.692743,0.051715,0.0,0.0,0.0,0.0,0.515385,0.956955,0.99693,0.0,0.0,0.369865,0.0,1.0,0.0,0.0,0.0,0.0
0.114041,0.0,0.898607,0.0,0.0,0.576172,0.0,0.0,0.911802,0.0,0.314341,0.0,0.0,0.0,0.0,0.0,0.0,0.0,0.0,0.0,0.0,0.0,0.0,0.0,0.0,1.0
0.939982,0.0,0.778681,0.649185,0.931462,0.0,0.204945,0.0,0.0,0.0,0.0,0.0,0.0,0.552433,0.93263,0.556515,0.0,0.114404,0.0,0.531132,0.0,0.0,0.0,0.0,1.0,0.0
0.376061,0.93156,0.886174,0.699508,0.0,0.0,0.977345,0.874701,0.0,0.0,0.900678,0.13886,0.0,0.024523,0.209224,0.0,0.0,0.0,0.56345,0.0,0.0,0.0,1.0,0.0,0.0,0.0
0.586291,0.410481,0.557865,0.672968,0.0,0.0,0.831347,0.253787,0.0,0.0,0.0,0.41956,0.0,0.0,0.0,0.0,0.0,0.910856,0.315232,0.0,0.0,0.0,1.0,0.0,0.0,0.0
0.0,0.0,0.0,0.0,0.320684,0.0,0.176807,0.076204,0.0,0.176154,0.0,0.0,0.0,0.472691,0.0,0.0,0.0,0.563753,0.213475,0.0,1.0,0.0,0.0,0.0,0.0,0.0
0.0,0.619974,0.6918,0.0,0.729014,0.0,0.0,0.0,0.0,0.0,0.0,0.0,0.787689,0.0,0.986096,0.0,0.0,0.525281,0.0,0.726867,0.0,0.0,0.0,1.0,0.0,0.0
0.0,0.0,0.234848,0.316382,0.0,0.0,0.0,0.74225,0.0,0.0,0.440529,0.0,0.0,0.0,0.843995,0.66405,0.0,0.686193,0.457528,0.0,1.0,0.0,0.0,0.0,0.0,0.0
0.0,0.0,0.492309,0.432102,0.0,0.0,0.0,0.0,0.0,0.0,0.0,0.0,0.0,0.810426,0.920634,0.946746,0.678453,0.0,0.0,0.799098,0.0,0.0,0.0,0.0,1.0,0.0
0.0,0.530953,0.0,0.575421,0.644605,0.0,0.0,0.0,0.0,0.0,0.272035,0.0,0.769297,0.0,0.0,0.741338,0.15943,0.0,0.0,0.0,0.0,0.0,0.0,1.0,0.0,0.0
0.0,0.576861,0.966647,0.967579,0.0,0.0,0.0,0.0,0.0,0.0,0.532343,0.737619,0.0,0.0,0.984348,0.609349,0.0,0.0,0.0,0.0,0.0,0.0,1.0,0.0,0.0,0.0
0.0,0.510941,0.0,0.991383,0.0,0.0,0.44618,0.377651,0.075504,0.479362,0.508929,0.139345,0.0,0.332052,0.818568,0.0,0.717788,0.0,0.0,0.0,0.0,0.0,1.0,0.0,0.0,0.0
0.0,0.743091,0.0,0.0,0.0,0.406245,0.960991,0.831436,0.0,0.0,0.0,0.978758,0.71148,0.0,0.0,0.0,0.0,0.0,0.0,0.0,0.0,0.0,0.0,0.0,0.0,1.0
0.0,0.803626,0.0,0.0,0.0,0.0,0.0,0.0,0.0,0.445977,0.47323,0.010866,0.0,0.0,0.0,0.118329,0.067972,0.693599,0.397272,0.0,0.0,0.0,1.0,0.0,0.0,0.0
0.0,0.373491,0.311006,0.355158,0.0,0.866611,0.0,0.0,0.537657,0.0,0.78395,0.0,0.0,0.0,0.0,0.0,0.0,0.0,0.0,0.0,0.0,0.0,0.0,0.0,0.0,1.0
0.0,0.0,0.752745,0.823629,0.0,0.075292,0.230301,0.747313,0.0,0.0,0.0,0.989927,0.166618,0.698195,0.0,0.0,0.0,0.689263,0.700022,0.0,1.0,0.0,0.0,0.0,0.0,0.0
0.0,0.0,0.0,0.0,0.823119,0.786454,0.0,0.0,0.0,0.238225,0.0,0.0,0.123218,0.0,0.0,0.0,0.0,0.0,0.0,0.0,0.0,0.0,0.0,0.0,0.0,1.0
0.0,0.0,0.0,0.0,0.130375,0.0,0.58601,0.311504,0.457564,0.624885,0.0,0.85205,0.305014,0.353244,0.0,0.0,0.0,0.976624,0.0,0.0,1.0,0.0,0.0,0.0,0.0,0.0
0.841673,0.657411,0.0,0.0,0.013873,0.0,0.002322,0.392663,0.0,0.981641,0.0,0.0,0.580042,0.373529,0.0,0.0,0.168827,0.911834,0.363805,0.290972,0.0,1.0,0.0,0.0,0.0,0.0
0.0,0.156962,0.287848,0.948325,0.293822,0.522897,0.0,0.035341,0.050181,0.600612,0.0,0.0,0.0,0.0,0.246181,0.485917,0.0,0.842543,0.46922,0.178318,0.0,0.0,0.0,0.0,1.0,0.0
0.0,0.282186,0.0,0.0,0.697892,0.589493,0.51281,0.984412,0.0,0.924781,0.682447,0.154225,0.118935,0.0,0.626772,0.0,0.0,0.0,0.180055,0.18256,0.0,1.0,0.0,0.0,0.0,0.0
0.0,0.187745,0.0,0.0,0.16027,0.64021,0.039944,0.0,0.0,0.720652,0.0,0.702211,0.0,0.071228,0.0,0.542444,0.0,0.0,0.53353,0.353968,0.0,1.0,0.0,0.0,0.0,0.0
0.0,0.0,0.407392,0.0,0.650281,0.0,0.792443,0.796624,0.0,0.469691,0.0,0.0,0.915916,0.0,0.0,0.0,0.716649,0.0,0.0,0.0,1.0,0.0,0.0,0.0,0.0,0.0
0.0,0.225594,0.293067,0.604609,0.554143,0.057303,0.0,0.132035,0.0,0.0,0.0,0.0,0.0,0.483239,0.760449,0.0,0.0,0.318074,0.0,0.256561,0.0,0.0,0.0,0.0,1.0,0.0
0.294339,0.0,0.0,0.0,0.677482,0.0,0.0,0.0,0.512525,0.0,0.435299,0.0,0.0,0.0,0.0,0.0,0.0,0.0,0.0,0.0,0.0,0.0,0.0,0.0,0.0,1.0
0.0,0.0,0.048441,0.0,0.0,0.0,0.0,0.0,0.012107,0.0,0.0,0.354327,0.980286,0.0,0.93306,0.0,0.084865,0.679142,0.0,0.0,1.0,0.0,0.0,0.0,0.0,0.0
0.937278,0.198021,0.598177,0.30135,0.636191,0.734911,0.0,0.0,0.0,0.0,0.18086,0.0,0.0,0.0,0.0,0.0,0.0,0.0,0.0,0.0,0.0,0.0,0.0,0.0,0.0,1.0
0.0,0.015939,0.0,0.0,0.0,0.0,0.0,0.0,0.0,0.0,0.546235,0.593181,0.0,0.0,0.971607,0.308541,0.143042,0.269858,0.0,0.202937,0.0,0.0,0.0,1.0,0.0,0.0
0.0,0.385337,0.0,0.0,0.566388,0.0,0.0,0.423671,0.697011,0.0,0.0,0.0,0.0,0.0,0.047572,0.656478,0.0,0.0,0.0,0.892108,0.0,0.0,0.0,0.0,1.0,0.0
0.0,0.0,0.0,0.0,0.560475,0.650902,0.74821,0.105049,0.0,0.0,0.0,0.0,0.469761,0.0,0.20923,0.0,0.402703,0.0,0.0,0.548885,1.0,0.0,0.0,0.0,0.0,0.0
0.0,0.0,0.626469,0.0,0.967451,0.0,0.579703,0.552464,0.31757,0.0,0.726676,0.382146,0.0,0.0,0.0,0.0,0.0,0.0,0.0,0.634767,1.0,0.0,0.0,0.0,0.0,0.0
0.872879,0.0,0.710051,0.0,0.0,0.17772,0.285262,0.363336,0.267828,0.609366,0.0,0.0,0.0,0.0,0.0,0.0,0.0,0.15891,0.0,0.0,0.0,0.0,0.0,0.0,1.0,0.0
0.0,0.0,0.0,0.0,0.0,0.0,0.170316,0.880675,0.0,0.0,0.0,0.538406,0.0,0.0,0.0,0.421008,0.71641,0.068747,0.064082,0.565691,0.0,0.0,1.0,0.0,0.0,0.0
0.0,0.0,0.0,0.009188,0.0,0.259952,0.04548,0.0,0.128812,0.318501,0.0,0.273997,0.0,0.0,0.0,0.0,0.0,0.0,0.0,0.0,0.0,0.0,0.0,0.0,0.0,1.0
0.0,0.720505,0.0,0.0,0.047423,0.0,0.0,0.0,0.0,0.0,0.806768,0.0,0.0,0.0,0.0,0.211218,0.960423,0.0,0.0,0.0,0.0,0.0,0.0,1.0,0.0,0.0
0.0,0.065343,0.0,0.811966,0.258957,0.298172,0.0,0.485625,0.829075,0.372217,0.520702,0.83497,0.229505,0.0,0.0,0.0,0.0,0.0,0.0,0.0,0.0,0.0,0.0,0.0,0.0,1.0
0.0,0.0,0.0,0.0,0.0,0.0,0.0,0.432943,0.181162,0.21296,0.0,0.0,0.0,0.0,0.0,0.0,0.0,0.0,0.0,0.0,0.0,0.0,0.0,0.0,0.0,1.0
0.339278,0.783293,0.204924,0.0,0.0,0.0,0.0,0.359951,0.0,0.033353,0.0,0.0,0.842511,0.0,0.0,0.0,0.0,0.441157,0.678334,0.37323,0.0,0.0,1.0,0.0,0.0,0.0
0.0,0.0,0.0,0.871929,0.324569,0.0,0.0,0.0,0.0,0.0,0.971415,0.801125,0.033763,0.0,0.0,0.0,0.955858,0.176734,0.554716,0.577712,0.0,0.0,0.0,1.0,0.0,0.0
0.654793,0.897363,0.633262,0.429616,0.0,0.0,0.172771,0.0,0.0,0.0,0.0,0.983247,0.785,0.0,0.066408,0.0,0.989644,0.462649,0.0,0.0,0.0,0.0,1.0,0.0,0.0,0.0
0.0,0.0,0.678528,0.0,0.774474,0.486521,0.0,0.0,0.0,0.0,0.427509,0.430592,0.332374,0.655057,0.0,0.738099,0.0,0.883214,0.0,0.0,0.0,0.0,0.0,1.0,0.0,0.0
0.0,0.630193,0.0,0.0,0.0,0.397768,0.0,0.0,0.0,0.413325,0.0,0.0,0.431161,0.495551,0.0,0.0,0.345688,0.0,0.726992,0.413717,0.0,1.0,0.0,0.0,0.0,0.0
0.0,0.0,0.0,0.0,0.0,0.916219,0.0,0.0,0.0,0.0,0.502149,0.0,0.0,0.390378,0.023694,0.400058,0.0,0.551356,0.284541,0.0,0.0,0.0,0.0,1.0,0.0,0.0
0.0,0.0,0.348008,0.875536,0.0,0.0,0.796502,0.0,0.187278,0.129157,0.684972,0.688694,0.962432,0.0,0.0,0.0,0.0,0.607216,0.507658,0.417692,0.0,0.0,1.0,0.0,0.0,0.0
0.833719,0.489552,0.090316,0.991255,0.0,0.0,0.0,0.0,0.68377,0.032129,0.0,0.884928,0.233344,0.0,0.0,0.0,0.0,0.0,0.0,0.0,0.0,0.0,0.0,0.0,0.0,1.0
0.0,0.0,0.894692,0.274956,0.0,0.0,0.0,0.0,0.0,0.0,0.0,0.215226,0.883517,0.126594,0.0,0.612359,0.705676,0.467835,0.164697,0.0,0.0,0.0,0.0,1.0,0.0,0.0
0.432536,0.867985,0.0,0.0,0.770588,0.0,0.0,0.0,0.0,0.796917,0.022506,0.0,0.0,0.0,0.0,0.0,0.0,0.0,0.0,0.0,0.0,0.0,0.0,0.0,0.0,1.0
0.41607,0.0,0.0,0.777682,0.0,0.0,0.27403,0.0,0.660527,0.0,0.0,0.0,0.0,0.0,0.0,0.0,0.0,0.0,0.0,0.0,0.0,0.0,0.0,0.0,0.0,1.0
0.0,0.0,0.297998,0.40905,0.0,0.789894,0.0,0.362386,0.0,0.0,0.0,0.553585,0.795523,0.0,0.187172,0.693931,0.803644,0.075579,0.502982,0.966858,1.0,0.0,0.0,0.0,0.0,0.0
0.0,0.0,0.0,0.0,0.690775,0.552248,0.169287,0.0,0.232135,0.707665,0.0,0.0,0.0,0.0,0.0,0.667743,0.0,0.0,0.0,0.0,0.0,0.0,0.0,0.0,1.0,0.0
0.0,0.368736,0.0,0.0,0.0,0.0,0.0,0.0,0.0,0.0,0.611442,0.039939,0.0,0.0,0.0,0.42603,0.0,0.91987,0.0,0.0,0.0,0.0,0.0,1.0,0.0,0.0
0.609095,0.0,0.0,0.0,0.076192,0.0,0.348617,0.0,0.0,0.0,0.0,0.0,0.005779,0.0,0.0,0.0,0.0,0.0,0.0,0.0,0.0,0.0,0.0,0.0,0.0,1.0
0.0,0.0,0.0,0.0,0.0,0.0,0.879712,0.0,0.0,0.579397,0.0,0.397587,0.551138,0.214754,0.0,0.79899,0.351995,0.422419,0.0,0.0,1.0,0.0,0.0,0.0,0.0,0.0
0.0,0.0,0.0,0.0,0.194268,0.0,0.0,0.0,0.0,0.378133,0.070268,0.679995,0.764711,0.0,0.984804,0.0,0.0,0.059041,0.425472,0.805474,0.0,1.0,0.0,0.0,0.0,0.0
0.512497,0.0,0.0,0.90153,0.0,0.0,0.418619,0.0,0.307882,0.0,0.135318,0.676296,0.0,0.806685,0.798823,0.182228,0.0,0.136905,0.896364,0.102977,0.0,0.0,1.0,0.0,0.0,0.0
0.0,0.0,0.0,0.0,0.42514,0.545829,0.418544,0.814405,0.0,0.0,0.0,0.0,0.0,0.0,0.914877,0.0,0.0,0.0,0.0,0.210909,0.0,0.0,0.0,0.0,1.0,0.0
0.0,0.0,0.342492,0.0,0.0,0.0,0.853594,0.0,0.0,0.0,0.848873,0.0,0.743347,0.0,0.14787,0.602596,0.135195,0.0,0.0,0.556227,1.0,0.0,0.0,0.0,0.0,0.0
0.139663,0.0,0.0,0.0,0.726432,0.0,0.524038,0.598113,0.0,0.914255,0.0,0.0,0.0,0.0,0.0,0.0,0.0,0.0,0.0,0.0,0.0,0.0,0.0,0.0,0.0,1.0
0.0,0.032315,0.586816,0.728021,0.0,0.0,0.0,0.0,0.0,0.0,0.224125,0.579832,0.0,0.158959,0.739251,0.472129,0.0,0.0,0.376104,0.191677,0.0,0.0,1.0,0.0,0.0,0.0
0.0,0.132602,0.0,0.582679,0.0,0.0,0.797327,0.0,0.026114,0.0,0.089493,0.0,0.67396,0.0,0.313565,0.0,0.514882,0.78035,0.081158,0.0,0.0,0.0,1.0,0.0,0.0,0.0
0.0,0.0,0.0,0.462396,0.706017,0.783059,0.341304,0.048335,0.982001,0.0,0.0,0.0,0.0,0.0,0.174483,0.172442,0.16675,0.0,0.0,0.0,1.0,0.0,0.0,0.0,0.0,0.0
0.0,0.598412,0.300454,0.009983,0.0,0.0,0.572133,0.099851,0.0,0.555707,0.0,0.0,0.0,0.0,0.0,0.0,0.213611,0.481934,0.0,0.0,0.0,0.0,1.0,0.0,0.0,0.0
0.023637,0.0,0.0,0.0,0.995939,0.253473,0.0,0.770174,0.217631,0.250551,0.0,0.0,0.0,0.0,0.00371,0.0,0.0,0.823837,0.0,0.0,0.0,0.0,0.0,0.0,1.0,0.0
0.496622,0.962578,0.0,0.0,0.317121,0.063225,0.0,0.893507,0.442205,0.380366,0.777882,0.0,0.0,0.0,0.447518,0.264124,0.0,0.338695,0.119267,0.160818,0.0,1.0,0.0,0.0,0.0,0.0
0.0,0.0,0.0,0.0,0.0,0.0,0.439419,0.0,0.0,0.222974,0.0,0.496513,0.0,0.0,0.463311,0.0,0.150775,0.0,0.64217,0.0,0.0,0.0,1.0,0.0,0.0,0.0
0.663544,0.187522,0.0,0.0,0.0,0.649778,0.0,0.506659,0.253963,0.429268,0.0,0.0,0.0,0.0,0.16286,0.141551,0.0,0.066074,0.091402,0.0,0.0,1.0,0.0,0.0,0.0,0.0
0.95278,0.0,0.0,0.0,0.134733,0.0,0.0,0.344773,0.0,0.0,0.847241,0.854204,0.24125,0.0,0.0,0.0,0.0,0.0,0.0,0.0,0.0,0.0,0.0,0.0,0.0,1.0
0.0,0.0,0.0,0.0,0.0,0.745608,0.0,0.14759,0.0,0.0,0.0,0.0,0.0,0.4824,0.677638,0.615095,0.0,0.459313,0.0,0.583266,0.0,1.0,0.0,0.0,0.0,0.0
0.61385,0.0,0.0,0.0,0.143908,0.40526,0.482601,0.457064,0.0,0.0,0.0,0.0,0.281405,0.0,0.994466,0.510111,0.0,0.100578,0.11529,0.0,0.0,1.0,0.0,0.0,0.0,0.0
0.0,0.0,0.876864,0.0,0.0,0.333625,0.777851,0.193134,0.103555,0.302238,0.0,0.0,0.0,0.529392,0.0,0.302149,0.556061,0.384872,0.0,0.0,0.0,0.0,0.0,0.0,1.0,0.0
0.445027,0.0,0.307962,0.864186,0.0,0.0,0.0,0.186732,0.0,0.20659,0.971411,0.840524,0.0,0.0,0.0,0.0,0.0,0.0,0.0,0.0,0.0,0.0,1.0,0.0,0.0,0.0
0.07551,0.0,0.0,0.0,0.153355,0.0,0.0,0.0346,0.0,0.671408,0.731153,0.0,0.95639,0.214265,0.0,0.828932,0.0,0.0,0.020433,0.0,0.0,1.0,0.0,0.0,0.0,0.0
0.0,0.0,0.069468,0.301696,0.12776,0.199962,0.0,0.0,0.0,0.0,0.0,0.0,0.429559,0.0,0.708063,0.663253,0.0,0.0,0.146738,0.0,0.0,0.0,0.0,1.0,0.0,0.0
0.451995,0.489142,0.511171,0.0,0.0,0.0,0.472676,0.714577,0.540945,0.0,0.0,0.196116,0.0,0.442565,0.0,0.0,0.0,0.671593,0.0,0.65489,0.0,0.0,1.0,0.0,0.0,0.0
0.0,0.0,0.329313,0.83299,0.642061,0.443062,0.0,0.347445,0.853329,0.810937,0.0,0.708782,0.685156,0.070688,0.5632,0.763915,0.0,0.0,0.872021,0.0,1.0,0.0,0.0,0.0,0.0,0.0
0.020071,0.645564,0.0,0.0,0.0,0.0,0.257973,0.0,0.0,0.594873,0.635711,0.807061,0.286004,0.0,0.0,0.0,0.0,0.0,0.0,0.0,0.0,0.0,0.0,0.0,0.0,1.0
0.839368,0.347677,0.0,0.0,0.511925,0.142585,0.0,0.985501,0.315138,0.0,0.648979,0.483348,0.0,0.0,0.0,0.0,0.0,0.0,0.0,0.0,0.0,0.0,0.0,0.0,0.0,1.0
0.0,0.0,0.0,0.0,0.53447,0.990817,0.766032,0.0,0.0,0.0,0.429874,0.853027,0.0,0.789612,0.0,0.526207,0.0,0.988072,0.0,0.875656,1.0,0.0,0.0,0.0,0.0,0.0
0.850494,0.653863,0.0,0.492084,0.0,0.0,0.180305,0.0,0.239772,0.701049,0.0,0.271796,0.795409,0.0,0.0,0.0,0.212738,0.821476,0.722524,0.0,0.0,0.0,1.0,0.0,0.0,0.0
0.50295,0.428674,0.0,0.0,0.0,0.626905,0.0,0.0,0.0,0.0,0.922968,0.40969,0.940073,0.489314,0.273358,0.0,0.678343,0.0,0.0,0.730373,0.0,0.0,0.0,1.0,0.0,0.0
0.001653,0.708331,0.619196,0.724839,0.0,0.0,0.0,0.0,0.0,0.0,0.448022,0.278984,0.0,0.068042,0.609794,0.0,0.0,0.701668,0.0,0.56246,0.0,0.0,1.0,0.0,0.0,0.0
0.0,0.0,0.732643,0.814708,0.0,0.0,0.0,0.599249,0.0,0.0,0.0,0.920151,0.0,0.07332,0.0,0.0,0.724062,0.556279,0.42393,0.0,1.0,0.0,0.0,0.0,0.0,0.0
0.0,0.23659,0.0,0.0,0.785475,0.072304,0.0,0.0,0.0,0.0,0.716306,0.364019,0.975586,0.0,0.0,0.0,0.0,0.0,0.0,0.0,0.0,0.0,0.0,0.0,0.0,1.0
0.0,0.0,0.695454,0.0,0.0,0.0,0.971141,0.402617,0.121785,0.0,0.283662,0.0,0.0,0.0,0.0,0.0,0.0,0.463079,0.0,0.338908,0.0,0.0,1.0,0.0,0.0,0.0
0.0,0.190677,0.0,0.0,0.211653,0.888807,0.0,0.0,0.0,0.0,0.0,0.387293,0.021076,0.0,0.0,0.0,0.0,0.735036,0.0,0.0,0.0,1.0,0.0,0.0,0.0,0.0
0.104121,0.0,0.0,0.22399,0.606246,0.0,0.625801,0.0,0.723327,0.0,0.0,0.0,0.0,0.0,0.378153,0.0,0.0,0.0,0.009783,0.0,0.0,0.0,0.0,0.0,1.0,0.0
0.1947,0.510959,0.0,0.0,0.62592,0.0,0.0,0.0,0.0,0.0,0.0,0.475988,0.0,0.0,0.0,0.0,0.0,0.0,0.0,0.974299,0.0,0.0,0.0,1.0,0.0,0.0
0.0,0.751409,0.48878,0.0,0.0,0.0,0.317827,0.0,0.451796,0.350124,0.0,0.0,0.0,0.0,0.0,0.734457,0.892053,0.0,0.0,0.0,0.0,0.0,0.0,0.0,1.0,0.0
0.829168,0.0,0.0,0.0,0.0,0.226619,0.0,0.0,0.0,0.0,0.577406,0.107199,0.130736,0.994647,0.0,0.0,0.427592,0.98975,0.0,0.21579,0.0,0.0,0.0,1.0,0.0,0.0
0.0,0.0,0.0,0.0,0.583058,0.0,0.0,0.0,0.603659,0.0,0.0,0.0,0.0,0.0,0.234413,0.0,0.374023,0.0,0.0,0.0,1.0,0.0,0.0,0.0,0.0,0.0
0.0,0.0,0.885915,0.225835,0.0,0.008231,0.0,0.973953,0.0,0.0,0.0,0.171644,0.496363,0.063319,0.0,0.0,0.502026,0.625739,0.418669,0.0,1.0,0.0,0.0,0.0,0.0,0.0
0.0,0.701517,0.0,0.0,0.695269,0.0,0.271177,0.0,0.037766,0.549538,0.864989,0.159738,0.0,0.831453,0.0,0.256033,0.848957,0.0,0.099991,0.0,0.0,1.0,0.0,0.0,0.0,0.0
0.887074,0.0,0.0,0.092784,0.580656,0.293911,0.679886,0.0,0.0,0.0,0.0,0.0,0.391015,0.0,0.0,0.0,0.0,0.0,0.0,0.0,0.0,0.0,0.0,0.0,0.0,1.0
0.0,0.0,0.0,0.0,0.0,0.0,0.477325,0.995443,0.0,0.0,0.904913,0.0,0.0,0.0,0.0,0.0,0.0,0.0,0.0,0.0,0.0,0.0,0.0,0.0,0.0,1.0
0.0,0.678519,0.0,0.809932,0.703706,0.197249,0.49088,0.178533,0.0,0.417544,0.0,0.0,0.0,0.0,0.0,0.0,0.592517,0.0,0.0,0.0,0.0,0.0,0.0,0.0,1.0,0.0
0.0,0.0,0.386377,0.0,0.300833,0.941392,0.0,0.097199,0.280172,0.14824,0.620471,0.457234,0.0,0.0,0.482494,0.306572,0.0,0.0,0.842669,0.278208,1.0,0.0,0.0,0.0,0.0,0.0
0.598891,0.479573,0.0,0.0,0.0,0.0,0.0,0.0,0.0,0.0,0.234098,0.0,0.0,0.544974,0.0,0.0,0.0,0.936958,0.415976,0.0,0.0,0.0,0.0,1.0,0.0,0.0
0.017281,0.0,0.0,0.0,0.591964,0.936884,0.0,0.29472,0.604302,0.0,0.0,0.0,0.0,0.213524,0.0,0.0,0.0,0.587411,0.859967,0.551194,0.0,1.0,0.0,0.0,0.0,0.0
0.0,0.0,0.110542,0.998388,0.0,0.0,0.0,0.0,0.0,0.0,0.593517,0.0,0.0,0.0,0.0,0.957822,0.0,0.085753,0.0,0.0,0.0,0.0,0.0,1.0,0.0,0.0
0.828934,0.0,0.0,0.798463,0.0,0.333724,0.567329,0.763701,0.725039,0.0,0.0,0.0,0.0,0.0,0.0,0.0,0.0,0.0,0.0,0.530001,0.0,0.0,0.0,0.0,1.0,0.0
0.267643,0.0,0.399366,0.266513,0.0,0.0,0.0,0.0,0.0,0.0,0.0,0.0,0.0,0.987841,0.0,0.190579,0.0,0.0,0.0,0.0,0.0,0.0,0.0,1.0,0.0,0.0
0.320839,0.0,0.366519,0.0,0.099514,0.365235,0.0,0.0,0.0,0.0,0.631351,0.0,0.419555,0.0,0.0,0.028345,0.0,0.0,0.0,0.678312,0.0,0.0,0.0,1.0,0.0,0.0
0.0,0.0,0.419236,0.479699,0.0,0.0,0.0,0.018832,0.0,0.076566,0.0,0.0,0.0,0.0,0.0,0.0,0.0,0.0,0.0,0.0,0.0,0.0,0.0,0.0,0.0,1.0
0.582974,0.139155,0.0,0.0,0.414675,0.096975,0.593566,0.0,0.778242,0.0,0.533408,0.771717,0.0,0.0,0.0,0.559179,0.048665,0.0,0.0,0.157126,0.0,1.0,0.0,0.0,0.0,0.0
0.968917,0.5645,0.0,0.690002,0.793945,0.0,0.0,0.0,0.0,0.262443,0.874663,0.494238,0.0,0.0,0.0,0.0,0.0,0.0,0.0,0.0,0.0,0.0,0.0,0.0,0.0,1.0
0.519705,0.272257,0.0,0.0,0.0,0.0,0.390379,0.0,0.0,0.0,0.476155,0.108699,0.954343,0.0,0.785453,0.312699,0.858445,0.310275,0.393399,0.039111,0.0,0.0,1.0,0.0,0.0,0.0
0.25236,0.12604,0.72509,0.0,0.023569,0.299068,0.0,0.773132,0.0,0.0,0.582081,0.450926,0.0,0.0,0.0,0.0,0.0,0.0,0.0,0.0,0.0,0.0,0.0,0.0,0.0,1.0
0.0,0.0,0.285678,0.647271,0.0,0.0,0.0,0.0,0.0,0.0,0.071252,0.624665,0.654901,0.735525,0.585144,0.0,0.28429,0.0,0.992523,0.0,0.0,0.0,0.0,1.0,0.0,0.0
0.106542,0.0,0.0,0.727247,0.0,0.294366,0.0,0.0,0.0,0.0,0.0,0.9134,0.0,0.976685,0.0,0.766052,0.0,0.0,0.011578,0.0,0.0,0.0,0.0,1.0,0.0,0.0
0.0,0.0,0.0,0.0,0.0,0.0,0.0,0.329762,0.0,0.943734,0.826416,0.0,0.169992,0.0,0.482778,0.609039,0.0,0.0,0.0,0.062231,0.0,1.0,0.0,0.0,0.0,0.0
0.935648,0.0,0.0,0.84808,0.0,0.056448,0.0,0.527519,0.610143,0.0,0.0,0.0,0.0,0.857089,0.789141,0.0,0.703962,0.26858,0.527429,0.537354,0.0,0.0,0.0,0.0,1.0,0.0
0.359281,0.0,0.0,0.0,0.0,0.0,0.0,0.0,0.197199,0.0,0.0,0.0,0.0,0.156577,0.0,0.462635,0.0,0.0,0.0,0.002351,0.0,0.0,0.0,0.0,1.0,0.0
0.0,0.0,0.76128,0.037154,0.840512,0.0,0.18963,0.0,0.518637,0.0,0.0,0.0,0.0,0.0,0.868501,0.0,0.912313,0.335156,0.155304,0.988967,0.0,0.0,0.0,0.0,1.0,0.0
0.146989,0.0,0.0,0.0,0.0,0.0,0.0,0.0,0.0,0.0,0.233547,0.385855,0.0,0.0,0.072571,0.0,0.0,0.0,0.968552,0.69563,0.0,0.0,0.0,1.0,0.0,0.0
0.0,0.0,0.140045,0.0,0.115296,0.256268,0.0,0.0,0.619796,0.0,0.041401,0.566372,0.0,0.0,0.0,0.0,0.557075,0.0,0.0,0.640601,1.0,0.0,0.0,0.0,0.0,0.0
0.0,0.0,0.0,0.0,0.0,0.0,0.914821,0.809515,0.0,0.818121,0.868915,0.436508,0.634234,0.0,0.05817,0.0,0.0,0.699069,0.309685,0.742959,0.0,1.0,0.0,0.0,0.0,0.0
0.750504,0.777269,0.0,0.0,0.0,0.459789,0.0,0.0,0.14849,0.631239,0.853427,0.0,0.0,0.0,0.0,0.182275,0.0,0.654359,0.0,0.661527,0.0,1.0,0.0,0.0,0.0,0.0
0.0,0.002964,0.463615,0.457777,0.973249,0.0,0.901865,0.0,0.488991,0.439698,0.0,0.0,0.0,0.0,0.0,0.0,0.0,0.0,0.0,0.0,0.0,0.0,0.0,0.0,0.0,1.0
0.186142,0.331944,0.138932,0.761976,0.852876,0.0,0.122286,0.0,0.0,0.0,0.0,0.0,0.0,0.462286,0.00128,0.0,0.0,0.0,0.486362,0.0,0.0,0.0,0.0,0.0,1.0,0.0
0.56588,0.0,0.0,0.386094,0.616773,0.0,0.0,0.564313,0.109009,0.0,0.0,0.0,0.0,0.0,0.651207,0.0,0.0,0.0,0.0,0.0,0.0,0.0,0.0,0.0,1.0,0.0
0.0,0.562766,0.001239,0.0,0.0,0.0,0.0,0.0,0.0,0.0,0.0,0.0,0.960642,0.575816,0.0,0.0,0.850746,0.0,0.0,0.758982,0.0,0.0,0.0,1.0,0.0,0.0
0.0,0.0,0.212654,0.0,0.0,0.765113,0.90653,0.511115,0.391814,0.129815,0.0,0.427063,0.0,0.192345,0.977809,0.0,0.397888,0.0,0.575665,0.0,1.0,0.0,0.0,0.0,0.0,0.0
0.992684,0.771513,0.0,0.0,0.471096,0.605511,0.2359,0.0,0.0,0.701042,0.687016,0.0,0.0,0.0,0.767342,0.0,0.063304,0.0,0.0,0.113396,0.0,1.0,0.0,0.0,0.0,0.0
0.0,0.470869,0.0,0.0,0.394103,0.0,0.256341,0.178766,0.0,0.0,0.0,0.0,0.0,0.0,0.205501,0.33249,0.168124,0.0,0.078606,0.0,0.0,1.0,0.0,0.0,0.0,0.0
0.0,0.0,0.128099,0.054539,0.0,0.0,0.684136,0.0,0.0,0.694678,0.0,0.591719,0.288858,0.754108,0.110001,0.933959,0.0,0.450419,0.0,0.946675,0.0,0.0,1.0,0.0,0.0,0.0
0.0,0.499347,0.051256,0.0,0.0,0.0,0.265607,0.677011,0.904047,0.967647,0.0,0.0,0.0,0.490365,0.408258,0.266465,0.0,0.0,0.0,0.621465,0.0,0.0,1.0,0.0,0.0,0.0
0.399763,0.002662,0.621775,0.254439,0.0,0.0,0.023373,0.227765,0.946799,0.0,0.255476,0.886092,0.0,0.0,0.0,0.0,0.0,0.0,0.0,0.0,0.0,0.0,0.0,0.0,0.0,1.0
0.534132,0.806283,0.0,0.425509,0.0,0.0,0.563029,0.416771,0.0,0.547305,0.740119,0.338766,0.0,0.0,0.0,0.0,0.0,0.0,0.0,0.0,0.0,0.0,0.0,0.0,0.0,1.0
0.471285,0.786905,0.0,0.0,0.113903,0.339688,0.0,0.0,0.085877,0.0,0.073919,0.0,0.0,0.011494,0.0,0.0,0.0,0.687917,0.0,0.0,0.0,1.0,0.0,0.0,0.0,0.0
0.0,0.125761,0.0,0.0,0.947898,0.951036,0.017245,0.0,0.0,0.0,0.687213,0.327657,0.676818,0.459383,0.0,0.0,0.972573,0.0,0.093276,0.0,0.0,1.0,0.0,0.0,0.0,0.0
0.0,0.565281,0.0,0.209218,0.0,0.783163,0.0,0.0,0.0,0.796813,0.0,0.0,0.0,0.0,0.756837,0.0,0.191636,0.0,0.0,0.0,0.0,0.0,0.0,0.0,1.0,0.0
0.825679,0.313525,0.0,0.886631,0.0,0.0,0.0,0.322952,0.703899,0.0,0.0,0.0,0.0,0.269899,0.482777,0.0,0.757325,0.0,0.787557,0.0,0.0,0.0,1.0,0.0,0.0,0.0
0.73627,0.659146,0.0,0.0,0.336315,0.35553,0.0,0.0,0.0,0.0,0.120397,0.0,0.358541,0.119573,0.0,0.0,0.0,0.0,0.71801,0.438447,0.0,0.0,0.0,1.0,0.0,0.0
0.0,0.405509,0.0,0.0,0.323162,0.895711,0.0,0.594703,0.0,0.623782,0.0,0.0,0.30412,0.0,0.0,0.0,0.0,0.0,0.0,0.0,0.0,0.0,0.0,0.0,0.0,1.0
0.797953,0.658146,0.0,0.0,0.0,0.229393,0.384359,0.0,0.842788,0.862285,0.0,0.0,0.655119,0.0,0.191223,0.0,0.301386,0.0,0.512491,0.0,0.0,1.0,0.0,0.0,0.0,0.0
0.0,0.0,0.344703,0.729869,0.0,0.974607,0.45362,0.676481,0.251815,0.957223,0.0,0.0,0.0,0.0,0.632152,0.563273,0.264209,0.458933,0.26591,0.0,0.0,0.0,0.0,0.0,1.0,0.0
0.63849,0.439451,0.396685,0.22825,0.0,0.0,0.673168,0.728795,0.700394,0.0,0.563901,0.0,0.0,0.343072,0.0,0.0,0.819005,0.0,0.820695,0.599186,0.0,0.0,1.0,0.0,0.0,0.0
0.464372,0.0,0.0,0.640828,0.415598,0.0,0.999268,0.300921,0.0,0.0,0.015234,0.33516,0.497049,0.0,0.0,0.0,0.0,0.0,0.0,0.0,0.0,0.0,0.0,0.0,0.0,1.0
0.0,0.0,0.558219,0.0,0.0,0.0,0.0,0.0,0.0,0.0,0.693811,0.0,0.0,0.57953,0.0,0.184665,0.0,0.687673,0.0,0.0,1.0,0.0,0.0,0.0,0.0,0.0
0.0,0.0,0.0,0.0,0.971111,0.739837,0.0,0.0,0.0,0.0,0.0,0.558561,0.0,0.581022,0.0,0.794366,0.015753,0.123624,0.0,0.469172,0.0,0.0,0.0,1.0,0.0,0.0
0.0,0.087161,0.557318,0.038856,0.0,0.0,0.439178,0.133941,0.724746,0.81466,0.0,0.691843,0.0,0.633323,0.189508,0.32739,0.0,0.0,0.0,0.760592,0.0,0.0,1.0,0.0,0.0,0.0
0.258199,0.0,0.0,0.0,0.0,0.939354,0.0,0.0,0.302898,0.0,0.910129,0.0,0.0,0.0,0.0,0.0,0.0,0.0,0.890533,0.955091,0.0,1.0,0.0,0.0,0.0,0.0
0.0,0.90338,0.0,0.0,0.949527,0.0,0.0,0.0,0.0,0.0,0.979071,0.769859,0.342545,0.0,0.0,0.0,0.0,0.148863,0.144545,0.09713,0.0,0.0,0.0,1.0,0.0,0.0
0.0,0.132454,0.0,0.0,0.0,0.0,0.76215,0.0,0.0,0.307333,0.839998,0.0,0.0,0.0,0.0,0.0,0.618779,0.546565,0.065573,0.0,0.0,1.0,0.0,0.0,0.0,0.0
0.0,0.0,0.35324,0.0,0.0,0.659435,0.0,0.0,0.0,0.0,0.337209,0.0,0.0,0.394627,0.0,0.807325,0.327106,0.366729,0.0,0.0,1.0,0.0,0.0,0.0,0.0,0.0
0.0,0.880678,0.226663,0.596953,0.0,0.0,0.0,0.0,0.0,0.0,0.0,0.0,0.0,0.0,0.432094,0.176439,0.0,0.0,0.730938,0.0,0.0,0.0,0.0,1.0,0.0,0.0
0.0,0.483545,0.0,0.092766,0.0,0.0,0.0,0.325741,0.0,0.0,0.058658,0.820049,0.0,0.0,0.0,0.937723,0.0,0.0,0.0,0.292575,0.0,0.0,1.0,0.0,0.0,0.0
0.532269,0.0,0.0,0.0,0.012647,0.0,0.931076,0.111465,0.0,0.0,0.0,0.408236,0.479202,0.041979,0.553446,0.0,0.0,0.0,0.77794,0.0,0.0,1.0,0.0,0.0,0.0,0.0
0.0,0.967142,0.3763,0.663933,0.0,0.0,0.485466,0.0,0.288975,0.813258,0.0,0.0,0.0,0.0,0.914873,0.0,0.410607,0.707112,0.397026,0.0,0.0,0.0,1.0,0.0,0.0,0.0
0.647049,0.0,0.0,0.540133,0.0,0.0,0.0,0.014079,0.0,0.0,0.0,0.0,0.0,0.0,0.559531,0.729296,0.0,0.0,0.0,0.0,0.0,0.0,1.0,0.0,0.0,0.0
0.379566,0.0,0.802538,0.912527,0.0,0.0,0.500494,0.921177,0.0,0.575075,0.852637,0.803515,0.0,0.408036,0.547026,0.914582,0.0,0.0,0.0,0.0,0.0,0.0,1.0,0.0,0.0,0.0
0.0,0.0,0.0,0.0,0.275498,0.0,0.707963,0.0,0.0,0.798105,0.069377,0.286809,0.934044,0.0,0.275053,0.0,0.521957,0.633418,0.0,0.0,0.0,1.0,0.0,0.0,0.0,0.0
0.0,0.0,0.0,0.335346,0.075459,0.865855,0.037059,0.348968,0.95826,0.0,0.779224,0.011643,0.3979,0.0,0.0,0.0,0.0,0.0,0.0,0.0,0.0,0.0,0.0,0.0,0.0,1.0
0.318839,0.0,0.610286,0.0,0.0,0.0,0.424436,0.0,0.733474,0.043445,0.0,0.0,0.0,0.0,0.0,0.0,0.0,0.482687,0.452786,0.088064,0.0,0.0,0.0,0.0,1.0,0.0
0.0,0.0,0.209572,0.042269,0.0,0.0,0.977828,0.748046,0.0,0.747567,0.113432,0.244735,0.69786,0.913355,0.811782,0.615617,0.0,0.0,0.658456,0.0,1.0,0.0,0.0,0.0,0.0,0.0
0.0,0.580025,0.142822,0.335664,0.0,0.0,0.09903,0.0,0.257223,0.0,0.28119,0.569656,0.034519,0.0,0.0,0.0,0.704333,0.0,0.467149,0.0,0.0,0.0,1.0,0.0,0.0,0.0
0.0,0.0,0.0,0.0,0.034294,0.0,0.0,0.285057,0.272589,0.207099,0.0,0.824231,0.0,0.0,0.640718,0.0,0.0,0.0,0.900282,0.799919,1.0,0.0,0.0,0.0,0.0,0.0
0.225972,0.0,0.268141,0.759445,0.0,0.0,0.0,0.0,0.0,0.953043,0.0,0.0,0.0,0.0,0.0,0.103857,0.874383,0.649688,0.840526,0.239979,0.0,0.0,0.0,0.0,1.0,0.0
0.906484,0.0,0.0,0.972976,0.751091,0.0,0.0,0.0,0.0,0.0,0.0,0.0,0.869173,0.507953,0.0,0.0,0.009497,0.645425,0.387488,0.428288,0.0,0.0,0.0,1.0,0.0,0.0
0.0,0.0,0.692025,0.0,0.0,0.0,0.698147,0.270606,0.0,0.0,0.0,0.099859,0.0,0.569282,0.870049,0.665341,0.0,0.759589,0.814546,0.0,1.0,0.0,0.0,0.0,0.0,0.0
0.0,0.0,0.608451,0.55135,0.0,0.0,0.0,0.0,0.565767,0.0,0.0,0.0,0.0,0.511274,0.0,0.0,0.0,0.659836,0.982944,0.0,0.0,0.0,0.0,0.0,1.0,0.0
0.0,0.0,0.903715,0.416632,0.0,0.0,0.0,0.0,0.0,0.449344,0.0,0.656449,0.408114,0.0,0.0,0.72349,0.155101,0.074789,0.0,0.0,1.0,0.0,0.0,0.0,0.0,0.0
0.0,0.0,0.076416,0.0,0.0,0.0,0.744806,0.51552,0.0,0.0,0.556195,0.934232,0.0,0.0,0.0,0.0,0.0,0.787262,0.0,0.01026,1.0,0.0,0.0,0.0,0.0,0.0
0.818723,0.712552,0.0,0.0,0.0,0.0,0.654878,0.0,0.161789,0.0,0.0,0.510171,0.0,0.0,0.0,0.0,0.0,0.73316,0.0,0.039428,0.0,1.0,0.0,0.0,0.0,0.0
0.0,0.0,0.0,0.871317,0.499872,0.0,0.0,0.0,0.0,0.0,0.495345,0.468155,0.0,0.651251,0.0,0.321215,0.048402,0.0,0.0,0.0,0.0,0.0,0.0,1.0,0.0,0.0
0.685355,0.0,0.403649,0.623488,0.0,0.0,0.0,0.921759,0.411449,0.147883,0.0,0.0,0.0,0.0,0.11654,0.0,0.0,0.438668,0.718795,0.351962,0.0,0.0,0.0,0.0,1.0,0.0
0.0,0.0,0.0,0.483158,0.0,0.0,0.0,0.455858,0.04022,0.0,0.0,0.0,0.0,0.0,0.0,0.0,0.0,0.0,0.0,0.0,0.0,0.0,0.0,0.0,1.0,0.0
0.123707,0.930034,0.99105,0.0,0.0,0.0,0.404368,0.415305,0.0,0.0,0.0,0.0,0.0,0.0686,0.897183,0.983821,0.161827,0.0,0.0,0.186633,0.0,0.0,0.0,0.0,1.0,0.0
0.972006,0.503028,0.877976,0.0,0.0,0.0,0.0,0.0,0.660738,0.0,0.951661,0.174377,0.574025,0.70244,0.97154,0.0,0.0,0.0,0.586498,0.936398,0.0,0.0,1.0,0.0,0.0,0.0
0.728475,0.0,0.005698,0.0,0.0,0.0,0.494651,0.0,0.051612,0.540966,0.0,0.0,0.41192,0.556783,0.64953,0.0,0.119618,0.965594,0.0,0.0,0.0,0.0,1.0,0.0,0.0,0.0
0.233818,0.787916,0.0,0.151728,0.410984,0.0,0.282903,0.945459,0.59757,0.684624,0.0,0.0,0.0,0.0,0.468196,0.0,0.019379,0.0,0.0,0.0,0.0,0.0,0.0,0.0,1.0,0.0
0.0,0.0,0.0,0.749527,0.0,0.977603,0.489155,0.0,0.0,0.0,0.0,0.404403,0.132137,0.096467,0.0,0.0,0.329276,0.0,0.0,0.0,1.0,0.0,0.0,0.0,0.0,0.0
0.0,0.0,0.0,0.308986,0.0,0.0,0.536075,0.0,0.0,0.351519,0.195308,0.716142,0.0,0.0,0.835295,0.0,0.0,0.0,0.0,0.451333,1.0,0.0,0.0,0.0,0.0,0.0
0.0,0.526074,0.456026,0.149967,0.12027,0.0,0.0,0.0,0.425462,0.52739,0.375816,0.0,0.0,0.0,0.0,0.0,0.0,0.0,0.0,0.0,0.0,0.0,0.0,0.0,0.0,1.0
0.327984,0.85578,0.0,0.340159,0.0,0.930817,0.0,0.504021,0.0,0.0,0.795171,0.0,0.044231,0.0,0.0,0.0,0.0,0.0,0.0,0.0,0.0,0.0,0.0,0.0,0.0,1.0
0.683387,0.0,0.758657,0.0,0.0,0.0,0.0,0.0,0.0,0.0,0.385867,0.0,0.0,0.0,0.644159,0.0,0.0,0.0,0.844347,0.0,0.0,0.0,0.0,1.0,0.0,0.0
0.0,0.0,0.767805,0.0,0.0,0.0,0.0,0.0,0.0,0.621919,0.0,0.79171,0.0,0.892254,0.312953,0.211752,0.0,0.0,0.34128,0.0,0.0,0.0,1.0,0.0,0.0,0.0
0.0,0.825601,0.54487,0.735377,0.0,0.170713,0.275609,0.485737,0.0,0.577199,0.339314,0.185059,0.0,0.0,0.0,0.0,0.0,0.0,0.0,0.0,0.0,0.0,0.0,0.0,0.0,1.0
0.0,0.166024,0.0,0.0,0.0,0.0,0.0,0.324282,0.679486,0.0,0.0,0.0,0.542397,0.110672,0.522024,0.189766,0.0,0.838631,0.204553,0.658056,0.0,1.0,0.0,0.0,0.0,0.0
0.11018,0.0,0.0,0.74483,0.0,0.0,0.140769,0.132454,0.0,0.0,0.0,0.0,0.987876,0.144265,0.916165,0.0,0.0,0.670021,0.0,0.695619,0.0,0.0,1.0,0.0,0.0,0.0
0.0,0.0,0.039909,0.842498,0.546891,0.0,0.0,0.0,0.0,0.0,0.0,0.0,0.703597,0.930049,0.252878,0.0,0.168861,0.829446,0.0,0.40026,0.0,0.0,0.0,1.0,0.0,0.0
0.56144,0.853376,0.9506,0.284183,0.0,0.0,0.0,0.0,0.217743,0.460419,0.225466,0.0,0.0,0.699931,0.0,0.847553,0.0,0.082703,0.0,0.50456,0.0,0.0,1.0,0.0,0.0,0.0
0.0,0.702909,0.0,0.10778,0.058723,0.509364,0.0,0.0,0.0,0.0,0.996513,0.442369,0.0,0.0,0.0,0.157092,0.0,0.460709,0.454591,0.559682,0.0,0.0,0.0,1.0,0.0,0.0
0.0,0.757902,0.234131,0.628145,0.226766,0.217563,0.649415,0.0,0.414894,0.366032,0.0,0.0,0.0,0.613792,0.763582,0.208794,0.0,0.0,0.0,0.0,0.0,0.0,0.0,0.0,1.0,0.0
0.699556,0.0,0.0,0.0,0.702997,0.0,0.0,0.0,0.0,0.0,0.0,0.501168,0.0,0.0,0.0,0.0,0.0,0.0,0.136985,0.099863,0.0,0.0,0.0,1.0,0.0,0.0
0.0,0.0,0.439891,0.0,0.60983,0.840884,0.0,0.749603,0.0,0.454735,0.0,0.499754,0.0,0.0,0.0,0.812576,0.0,0.691623,0.0,0.563112,1.0,0.0,0.0,0.0,0.0,0.0
0.191681,0.0,0.11095,0.157965,0.0,0.0,0.722461,0.533867,0.219121,0.354559,0.578115,0.0,0.730693,0.0,0.03886,0.0,0.0,0.868337,0.154297,0.0,0.0,0.0,1.0,0.0,0.0,0.0
0.571284,0.0,0.0,0.765782,0.0,0.0,0.0,0.115919,0.223013,0.0,0.660504,0.0,0.0,0.0,0.94038,0.0,0.352136,0.567677,0.0,0.888394,0.0,0.0,1.0,0.0,0.0,0.0
0.0,0.0,0.0,0.0,0.377685,0.0,0.0,0.0,0.0,0.299575,0.0,0.814134,0.717635,0.0,0.0,0.0,0.907247,0.979316,0.0,0.66132,1.0,0.0,0.0,0.0,0.0,0.0
0.0,0.0,0.0,0.0,0.0,0.527337,0.0,0.0,0.216352,0.0,0.0,0.977717,0.368031,0.0,0.211823,0.0,0.766931,0.934252,0.548594,0.0,1.0,0.0,0.0,0.0,0.0,0.0
0.966501,0.0,0.940292,0.589721,0.641537,0.619207,0.0,0.529108,0.0,0.44567,0.0,0.0,0.0,0.565477,0.0,0.938654,0.056521,0.949275,0.102414,0.0,0.0,0.0,0.0,0.0,1.0,0.0
0.43788,0.0,0.535112,0.699839,0.0,0.0,0.854919,0.423022,0.0,0.90806,0.236928,0.0,0.0,0.0,0.495617,0.0,0.0,0.736727,0.0,0.805023,0.0,0.0,1.0,0.0,0.0,0.0
0.0,0.0,0.0,0.741583,0.0,0.34041,0.0,0.0,0.0,0.0,0.353788,0.0,0.8889,0.0,0.0,0.0,0.152952,0.67443,0.617231,0.48655,0.0,0.0,0.0,1.0,0.0,0.0
0.786131,0.0,0.0,0.0,0.0,0.0,0.10851,0.0,0.483762,0.191362,0.982687,0.0,0.764277,0.59327,0.635707,0.690021,0.0,0.0,0.0,0.814866,0.0,1.0,0.0,0.0,0.0,0.0
0.260985,0.031849,0.0,0.0,0.0,0.0,0.449792,0.375537,0.0,0.0,0.586659,0.0,0.0,0.0,0.0,0.450105,0.748517,0.0,0.0,0.0,0.0,0.0,1.0,0.0,0.0,0.0
0.0,0.506279,0.0,0.0,0.538733,0.0,0.0,0.0,0.727295,0.358584,0.0,0.284521,0.635326,0.0,0.0,0.0,0.0,0.0,0.0,0.0,0.0,0.0,0.0,0.0,0.0,1.0
0.304691,0.0,0.0,0.0,0.586564,0.637,0.0,0.555226,0.395827,0.31931,0.0,0.0,0.0,0.0,0.0,0.031615,0.0,0.73431,0.0,0.0,0.0,1.0,0.0,0.0,0.0,0.0
0.0,0.687548,0.001532,0.41471,0.0,0.761719,0.0,0.0,0.0,0.0,0.0,0.217898,0.0,0.0,0.218476,0.0,0.0,0.170256,0.865897,0.0,0.0,0.0,0.0,1.0,0.0,0.0
0.503378,0.0,0.559134,0.133706,0.918164,0.0,0.874858,0.0,0.438873,0.0,0.7833,0.0,0.448705,0.0,0.0,0.0,0.0,0.0,0.0,0.0,0.0,0.0,0.0,0.0,0.0,1.0
0.0,0.0,0.0,0.0,0.817787,0.14096,0.0,0.0,0.0,0.838257,0.980209,0.512595,0.787787,0.0,0.385056,0.278203,0.131952,0.0,0.0,0.0,1.0,0.0,0.0,0.0,0.0,0.0
0.0,0.985575,0.059641,0.041876,0.531754,0.322954,0.0,0.0,0.0,0.0,0.0,0.0,0.136623,0.357194,0.0,0.150245,0.573286,0.0,0.0,0.504928,0.0,0.0,0.0,1.0,0.0,0.0
0.0,0.0,0.0,0.0,0.0,0.169522,0.0,0.706212,0.0,0.0,0.649178,0.0,0.883096,0.0,0.0,0.97394,0.165198,0.539741,0.0,0.0,1.0,0.0,0.0,0.0,0.0,0.0
0.0,0.0,0.305404,0.426559,0.079841,0.814253,0.0,0.0,0.0,0.330255,0.0,0.0,0.0,0.0,0.0,0.0,0.0,0.0,0.0,0.0,0.0,0.0,0.0,0.0,0.0,1.0
0.0,0.0,0.0,0.213716,0.0,0.0,0.593685,0.0,0.0,0.0,0.0,0.0,0.411483,0.361602,0.783402,0.644627,0.0,0.0,0.0,0.625028,0.0,0.0,1.0,0.0,0.0,0.0
0.402943,0.0,0.0,0.0,0.671522,0.0,0.047692,0.0,0.556041,0.929555,0.0,0.0,0.521303,0.0,0.110299,0.0,0.92275,0.313835,0.171375,0.677931,0.0,1.0,0.0,0.0,0.0,0.0
0.0,0.0,0.0,0.216188,0.521044,0.0,0.0,0.090531,0.0,0.911222,0.615599,0.655925,0.48881,0.0,0.0,0.0,0.0,0.0,0.0,0.0,1.0,0.0,0.0,0.0,0.0,0.0
0.322926,0.0,0.0,0.952282,0.829762,0.0,0.971242,0.0,0.115358,0.573465,0.0,0.0,0.0,0.0,0.706391,0.0,0.237202,0.939008,0.0,0.0,0.0,0.0,0.0,0.0,1.0,0.0
0.288676,0.0,0.0,0.235739,0.345661,0.676619,0.0,0.0,0.0,0.0,0.916971,0.780599,0.094945,0.408919,0.0,0.0,0.62415,0.830201,0.829648,0.502414,0.0,0.0,0.0,1.0,0.0,0.0
0.810008,0.0,0.389054,0.512372,0.040856,0.0,0.0,0.0,0.0,0.0,0.0,0.034444,0.0,0.784493,0.0,0.397322,0.0,0.279245,0.909858,0.0,0.0,0.0,0.0,1.0,0.0,0.0
0.075735,0.469957,0.558766,0.684408,0.0,0.0,0.0,0.0,0.0,0.0,0.0,0.614176,0.0,0.598392,0.0,0.0,0.34002,0.128326,0.0,0.0,0.0,0.0,0.0,1.0,0.0,0.0
0.0,0.964778,0.0,0.0,0.0,0.0,0.0,0.0,0.0,0.0,0.0,0.881556,0.486442,0.826909,0.19563,0.0,0.0,0.0,0.937707,0.50772,0.0,1.0,0.0,0.0,0.0,0.0
0.0,0.387922,0.0,0.681443,0.0,0.138231,0.661757,0.996664,0.0,0.0,0.0,0.0,0.0,0.437032,0.203176,0.0,0.0,0.0,0.097711,0.204609,0.0,0.0,0.0,0.0,1.0,0.0
0.0,0.0,0.0,0.066463,0.493322,0.0,0.0,0.989588,0.773169,0.0,0.108312,0.0,0.316379,0.0,0.0,0.381026,0.554466,0.0,0.0,0.043677,1.0,0.0,0.0,0.0,0.0,0.0
0.290305,0.0,0.0,0.0,0.523519,0.0,0.0,0.905063,0.148118,0.550166,0.0,0.0,0.0,0.0,0.271688,0.196594,0.154586,0.325325,0.278758,0.0,0.0,1.0,0.0,0.0,0.0,0.0
0.0,0.0,0.0,0.633234,0.662223,0.276827,0.584019,0.0,0.390375,0.0,0.0,0.0,0.0,0.0,0.339746,0.0,0.100741,0.0,0.266101,0.0,0.0,0.0,0.0,0.0,1.0,0.0
0.0,0.0,0.0,0.088754,0.0,0.0,0.224504,0.853295,0.515266,0.0,0.0,0.0,0.0,0.787152,0.602117,0.0,0.0,0.54839,0.0,0.407862,1.0,0.0,0.0,0.0,0.0,0.0
0.0,0.0,0.0,0.0,0.227383,0.0,0.0,0.704312,0.091784,0.216162,0.0,0.0,0.828243,0.0,0.90988,0.0,0.0,0.0,0.0,0.0,1.0,0.0,0.0,0.0,0.0,0.0
0.943484,0.0,0.808715,0.0,0.0,0.0,0.439566,0.485083,0.0,0.077131,0.656539,0.729791,0.274756,0.386809,0.860944,0.716607,0.0,0.092669,0.0,0.0,0.0,0.0,1.0,0.0,0.0,0.0
0.088756,0.0,0.0,0.224453,0.0,0.0,0.0,0.0,0.702451,0.708256,0.718399,0.0,0.656022,0.698692,0.310296,0.79353,0.0,0.0,0.75303,0.0,0.0,0.0,1.0,0.0,0.0,0.0
0.204608,0.0,0.0,0.030915,0.166059,0.0,0.0,0.0,0.0,0.0,0.870754,0.0,0.0,0.0,0.0,0.0,0.0,0.0,0.0,0.0,0.0,0.0,0.0,0.0,0.0,1.0
0.0,0.211162,0.0,0.341922,0.0,0.0,0.0,0.0,0.0,0.0,0.0,0.282544,0.401269,0.691948,0.131923,0.477778,0.0,0.0,0.119696,0.362845,0.0,0.0,0.0,1.0,0.0,0.0
0.464752,0.0,0.0,0.0,0.722164,0.146695,0.0,0.6433,0.0,0.1471,0.206027,0.226983,0.836597,0.807299,0.580243,0.0,0.715639,0.0,0.0,0.0,0.0,1.0,0.0,0.0,0.0,0.0
0.0,0.0,0.144801,0.0,0.0,0.0,0.934405,0.790203,0.26332,0.0,0.949159,0.0,0.488134,0.321206,0.0,0.0,0.372566,0.0,0.0,0.0,0.0,0.0,1.0,0.0,0.0,0.0
0.395764,0.136557,0.0,0.0,0.0,0.0,0.0,0.0,0.396961,0.0,0.260872,0.007934,0.419613,0.897955,0.0,0.0,0.866427,0.0,0.003733,0.468419,0.0,1.0,0.0,0.0,0.0,0.0
0.786709,0.3286,0.0,0.0,0.0,0.0,0.0,0.0,0.0,0.0,0.79467,0.219957,0.799919,0.0,0.007629,0.0,0.354558,0.0,0.0,0.468074,0.0,0.0,0.0,1.0,0.0,0.0
0.243692,0.671476,0.0,0.641011,0.84693,0.346921,0.0,0.331948,0.0,0.0,0.0,0.0,0.0,0.760376,0.0,0.109491,0.598756,0.0,0.964448,0.0,0.0,0.0,0.0,0.0,1.0,0.0
0.0,0.0,0.0,0.451585,0.0,0.326155,0.042029,0.275524,0.0,0.0,0.0,0.055528,0.218198,0.960848,0.545904,0.0,0.615475,0.167136,0.0,0.0,1.0,0.0,0.0,0.0,0.0,0.0
0.281671,0.0,0.0,0.0,0.354969,0.0,0.002702,0.246071,0.331446,0.0,0.0,0.0,0.0,0.0,0.621449,0.597275,0.17082,0.0,0.0,0.0,0.0,0.0,0.0,0.0,1.0,0.0
0.0,0.0,0.0,0.173027,0.0,0.0,0.0,0.225668,0.0,0.232524,0.0,0.0,0.0,0.808053,0.0,0.058226,0.0,0.095258,0.307259,0.0,0.0,0.0,1.0,0.0,0.0,0.0
0.847872,0.741823,0.000105,0.865353,0.090468,0.066371,0.0,0.0,0.0,0.0,0.076838,0.0,0.767224,0.0,0.155748,0.0,0.676708,0.0,0.297166,0.177314,0.0,0.0,0.0,1.0,0.0,0.0
0.0,0.0,0.041038,0.0,0.0,0.0,0.0,0.754644,0.391389,0.09772,0.521581,0.977552,0.0,0.0,0.0,0.0,0.0,0.0,0.0,0.0,0.0,0.0,0.0,0.0,0.0,1.0
0.0,0.605803,0.0,0.0,0.0,0.0,0.895061,0.0,0.297368,0.104884,0.014179,0.0,0.0,0.65635,0.744653,0.637709,0.0,0.212921,0.0,0.699509,0.0,1.0,0.0,0.0,0.0,0.0
0.0,0.0,0.669734,0.0,0.952485,0.0,0.3894,0.633698,0.386415,0.977364,0.0,0.693622,0.0,0.043631,0.0,0.792172,0.481711,0.946587,0.779918,0.0,1.0,0.0,0.0,0.0,0.0,0.0
0.0,0.40505,0.689628,0.752839,0.0,0.0,0.626015,0.650703,0.158066,0.323192,0.864458,0.632091,0.165843,0.0,0.0,0.0,0.0,0.0,0.0,0.0,0.0,0.0,0.0,0.0,0.0,1.0
0.048542,0.376193,0.0,0.0,0.0,0.0,0.586041,0.0,0.452855,0.804512,0.0,0.591507,0.22408,0.0,0.061494,0.90063,0.0,0.0,0.0,0.0,0.0,0.0,1.0,0.0,0.0,0.0
0.0,0.0,0.0,0.0,0.0,0.204235,0.464259,0.174504,0.0,0.0,0.0,0.386175,0.0,0.5349,0.0,0.0,0.740644,0.0,0.441588,0.0,1.0,0.0,0.0,0.0,0.0,0.0
0.0,0.404456,0.0,0.0,0.308877,0.0,0.0,0.0,0.0,0.321284,0.0,0.580126,0.714431,0.0,0.0,0.015681,0.038472,0.0,0.0,0.0,0.0,1.0,0.0,0.0,0.0,0.0
0.0,0.0,0.0,0.624238,0.0,0.537256,0.153102,0.021012,0.0,0.0,0.02399,0.0,0.0,0.0,0.0,0.0,0.313406,0.0,0.0,0.947909,1.0,0.0,0.0,0.0,0.0,0.0
0.560754,0.0,0.963263,0.29194,0.0,0.0,0.445207,0.0,0.0,0.783433,0.0,0.0,0.0,0.0,0.447318,0.008604,0.0,0.0,0.0,0.840765,0.0,0.0,0.0,0.0,1.0,0.0
0.0,0.0,0.0,0.0,0.0,0.0,0.0,0.701107,0.830054,0.0,0.0,0.0,0.0,0.558977,0.470798,0.823415,0.0,0.679626,0.452997,0.0,0.0,0.0,0.0,0.0,1.0,0.0
